county,state,crime rate/100000
St. Louis city,MO,1791.995377
Crittenden County,AR,1754.914968
Alexander County,IL,1664.700485
Kenedy County,TX,1456.31068
De Soto Parish,LA,1447.40243
Baltimore city,MD,1419.5375689999998
Shelby County,TN,1315.0037519999998
Marlboro County,SC,1253.437132
Storey County,NV,1217.656012
District of Columbia,DC,1216.801325
Dillon County,SC,1165.583272
Scott County,MO,1163.145839
Philadelphia County,PA,1150.2963300000001
Pershing County,NV,1148.756725
Greenwood County,SC,1140.226324
Madison County,TN,1138.4238300000002
Davidson County,TN,1129.513728
Marion County,IN,1083.5081189999999
Wayne County,MI,1065.188284
Jackson County,MO,1026.623686
Northwest Arctic Borough,AK,1014.964216
Pemiscot County,MO,998.7095326
Iberville Parish,LA,974.0162436
Pulaski County,AR,959.9165822999998
Jefferson County,AR,959.1343197999998
Miller County,AR,956.1771347000001
Muskogee County,OK,954.4400666000001
Barnwell County,SC,953.9310095000001
Tangipahoa Parish,LA,952.8593755
Marion County,SC,941.6313295
Dillingham Census Area,AK,938.1237525
Dougherty County,GA,930.4176661
Carter County,OK,930.0694973999999
Genesee County,MI,922.7783983999999
Macon County,AL,919.3417310000001
Milwaukee County,WI,912.6349471000001
Richland County,SC,911.4452882000002
Grundy County,TN,911.2461105000001
Greene County,AL,903.4766697000001
Rock County,MN,892.8571429
San Joaquin County,CA,887.1644385
Pottawattamie County,IA,873.5225606
Nolan County,TX,871.1844117999999
Kodiak Island Borough,AK,856.0311284
Winnebago County,IL,854.9331535
Suffolk County,MA,831.2342903
Saginaw County,MI,828.830479
Dallas County,AL,828.6503477000001
Fulton County,GA,826.1767583
Anchorage Municipality,AK,824.7217146
Madison County,FL,822.2981632
Phillips County,AR,818.6675817
Sangamon County,IL,817.9969369
Haywood County,TN,812.1158911
Lucas County,OH,810.9662621
Robeson County,NC,809.8427036
Meade County,KS,805.8945428999999
Escambia County,FL,798.51676
Jefferson County,AL,798.3574913
Nicholas County,WV,793.3756981
Franklin County,FL,793.2402137999999
St. Clair County,IL,782.1542957
Orleans Parish,LA,782.1184796
Ector County,TX,781.9089826000001
Avoyelles Parish,LA,777.2585293
Rapides Parish,LA,773.7920330000001
Sumter County,SC,767.644257
Comanche County,OK,766.7864603999999
Mississippi County,AR,763.9897241
Colleton County,SC,762.1467132
Modoc County,CA,754.3456871000001
Alameda County,CA,753.6935735000001
Sumter County,GA,752.455044
Darlington County,SC,746.3016117999999
Red River Parish,LA,742.0733078
Lubbock County,TX,740.6920961
Socorro County,NM,739.3084622
Duval County,TX,738.8316151
Bernalillo County,NM,738.4818924
Marion County,TX,732.7796776
Lee County,SC,730.3646372999999
Shasta County,CA,725.2206951000001
Laurens County,SC,724.7580365
North Slope Borough,AK,722.6925459
Hinds County,MS,721.5219335
Cibola County,NM,720.6877628999999
Tulsa County,OK,719.1412721
Putnam County,FL,717.8582747
Jefferson County,TX,710.8948399
Ohio County,WV,706.6572141
San Francisco County,CA,701.4217103999999
Bamberg County,SC,699.9351912000001
Merced County,CA,696.3544912000001
Harris County,TX,696.1038338
Jim Wells County,TX,695.7773512
Oklahoma County,OK,694.8738489
McKinley County,NM,694.3307687999999
Mississippi County,MO,693.1802269
Alpine County,CA,690.2502157
Calhoun County,GA,689.8666258
Dyer County,TN,688.2474551
Clark County,NV,685.1530769999999
Guadalupe County,NM,681.1689739
San Juan County,NM,675.0828044
Fairfield County,SC,675.0616643
McDonald County,MO,673.8186009
Taylor County,FL,673.754211
Wayne County,GA,668.2847357999999
East Baton Rouge Parish,LA,667.0754469
Leon County,FL,664.1948589
Lander County,NV,663.1299735
Orange County,FL,662.6310837
Leflore County,MS,661.2459265
Essex County,NJ,659.9836619
Peach County,GA,658.9175982999999
Burke County,GA,658.7270427
Hamilton County,TN,658.496643
Miami-Dade County,FL,656.0124347999999
Columbia County,FL,654.3979391
Crockett County,TN,651.0862861
Lenoir County,NC,650.100146
Hempstead County,AR,649.6395835
Hutchinson County,TX,646.2257665
Richmond city,VA,644.9835135
Jefferson Davis County,MS,644.4593237
Conecuh County,AL,644.0599053
Morehouse Parish,LA,639.3909155
Early County,GA,635.5530259999999
Henderson County,TN,634.6263548
Richmond County,NY,634.123325
New York County,NY,634.0093435
Jefferson County,IL,633.9923403
Bronx County,NY,632.0428157
Queens County,NY,630.3962024
Kings County,NY,630.2492642000001
Warren County,GA,629.7229219
Nash County,NC,628.8580653
Lauderdale County,TN,626.0118726
Cocke County,TN,625.7222582
Bowie County,TX,622.5464503
Hampton County,SC,622.3049784
Hendry County,FL,621.814203
Duval County,FL,621.5464156
Durham County,NC,621.2408853
Greene County,MO,620.7066615
Jefferson County,FL,619.9802734
Escambia County,AL,618.6978385
Horry County,SC,617.6419817000001
Nueces County,TX,616.5739392
Sedgwick County,KS,615.5337693
Edgecombe County,NC,615.3956886
Montgomery County,KS,615.303861
Caddo Parish,LA,614.7822368
Graham County,AZ,613.6278747
Madera County,CA,612.9051308999999
Sebastian County,AR,612.5237549
Emanuel County,GA,612.2359732000001
Camden County,NJ,610.3101467
Nye County,NV,609.9723385
Greenlee County,AZ,607.8019671
Alachua County,FL,605.2451953
Union County,AR,604.5117216
Peoria County,IL,603.941007
Madison County,AL,603.3578173999999
Calhoun County,MI,602.1686961
Williamsburg County,SC,601.8084495
Roberts County,TX,601.6847172
Bradley County,TN,600.895452
Anderson County,SC,600.0807801
Denver County,CO,599.0808243
Chester County,SC,598.5634477000001
Lowndes County,AL,597.9631879
Willacy County,TX,597.6004743999999
Cook County,IL,596.6569350999999
Clark County,IN,593.2458517000001
DeKalb County,GA,592.9851123
Potter County,TX,592.6303417
Arkansas County,AR,591.1487457999999
Chicot County,AR,591.0895457
Cochise County,AZ,590.856781
Wyandotte County,KS,590.457901
Turner County,GA,590.1155643
Lake County,CA,588.7879737000001
Luna County,NM,588.0206009999999
Manatee County,FL,585.7833537
Hampden County,MA,583.3274487000001
Haralson County,GA,582.5583436000001
New Castle County,DE,581.7888096
Calhoun County,AL,580.7976974
Jackson County,IL,580.1317417
St. James Parish,LA,579.2570797999999
Sullivan County,TN,578.5625339
Greenville County,SC,577.3131534
Concordia Parish,LA,577.2429312
Jefferson County,KY,576.7462264
Kern County,CA,575.8432818
Clayton County,GA,575.2781772999999
Plumas County,CA,572.6708732999999
Emporia city,VA,572.6556908
Kershaw County,SC,571.0538102
Mecosta County,MI,570.6597383
Natchitoches Parish,LA,569.7787317000001
Eddy County,NM,569.6670332
Union County,SC,567.2493757
West Carroll Parish,LA,566.9428696
Vermilion County,IL,565.1757149
Rio Arriba County,NM,563.9848272999999
Cumberland County,NC,562.7993899
Hardeman County,TN,562.6092907000001
Independence County,AR,562.2077466
St. Mary Parish,LA,562.1649888999999
Chambers County,AL,562.0279843
Tehama County,CA,561.3968313999999
Brooks County,GA,560.7115236000001
Champaign County,IL,560.2815072999999
Glynn County,GA,559.4542867
Petersburg city,VA,559.3459955
Norfolk city,VA,558.2211677
Henderson County,IL,557.9399142000001
Sierra County,CA,557.9258287
East Carroll Parish,LA,557.8430070000001
Claiborne County,TN,557.6679341
Mecklenburg County,NC,556.9251355
Del Norte County,CA,556.0937107999999
Prince George's County,MD,555.679764
Lafayette Parish,LA,554.9178019999999
Butler County,MO,554.7431702
Sumter County,AL,553.8507597
Maury County,TN,552.7632192000001
Mobile County,AL,552.3100664
St. Landry Parish,LA,551.2018597
Cumberland County,NJ,551.0639921000001
Tift County,GA,551.0599216
Pinellas County,FL,550.6712247
Roanoke city,VA,550.4493982999999
Clarendon County,SC,550.1382623
Chaves County,NM,549.9597405000001
Quitman County,GA,549.2184199
Wicomico County,MD,549.080241
Sacramento County,CA,547.6937429
Andrews County,TX,547.6516459
Stanislaus County,CA,547.1073719999999
Spalding County,GA,546.7734102000001
Victoria County,TX,543.1643489
St. Francis County,AR,542.9200293
Wirt County,WV,542.2809693
Halifax County,NC,540.6618899
Jeff Davis County,GA,539.8560384
Cecil County,MD,538.6947691
Brevard County,FL,537.9223453
Butler County,AL,537.8731803999999
Montgomery County,TN,536.6094754
Beaufort County,SC,536.5518686
Forsyth County,NC,535.9614638999999
Fresno County,CA,534.2980847
Kent County,DE,534.1880342000001
Howard County,TX,533.9308933
Putnam County,GA,533.4331571
Morgan County,MO,532.9385639999999
Anson County,NC,531.3252552
Allen County,OH,530.8742806
Clinch County,GA,529.8013245
Wilkes County,GA,529.4705295
Muskegon County,MI,529.2150075000001
Lincoln County,WV,528.7814834
Gadsden County,FL,528.2071265
Bullock County,AL,526.3652599
Dauphin County,PA,525.2143487
Hill County,MT,525.1086432
Bibb County,GA,524.1693111999999
Knox County,TN,522.4662747
Vance County,NC,522.2281735
Bryan County,OK,522.1046922
Cuyahoga County,OH,521.2349405
Taney County,MO,520.7652823
Martin County,NC,519.0092409
McMinn County,TN,517.7585449
Dallas County,AR,516.8284382
Delaware County,PA,516.0390268
Ward County,TX,515.8306652
Gibson County,TN,515.5994096
Bristol County,MA,515.394913
Oconee County,SC,514.3580518
Etowah County,AL,513.8024266
Pontotoc County,OK,513.2659507000001
Monroe County,FL,512.1085513
Gonzales County,TX,512.0126034
Abbeville County,SC,511.8566801
Galax city,VA,511.7270789
Dorchester County,MD,508.2669933
Lawrence County,PA,508.2108515
Ben Hill County,GA,508.1358835
Kings County,CA,508.081611
Baltimore County,MD,508.01018210000007
Des Moines County,IA,506.4229249
Okeechobee County,FL,505.9750826
Lancaster County,SC,504.61110139999994
Lee County,IA,504.45602829999996
Calcasieu Parish,LA,504.3626086
Randall County,TX,503.66083150000003
St. Charles Parish,LA,503.6395081
Baldwin County,GA,501.7485176
Pueblo County,CO,501.7002063
Cherokee County,TX,501.1989465
McNairy County,TN,501.1476664
Lea County,NM,501.0137816000001
Franklin County,AL,497.9068882
Geary County,KS,497.53905410000004
Tallapoosa County,AL,497.5365871
DeWitt County,TX,497.48817249999996
Bay County,FL,497.1797905
Scotland County,NC,496.87716860000006
St. Helena Parish,LA,496.55172410000006
Washington Parish,LA,495.4867619
Calhoun County,TX,495.27652939999996
Johnson County,TN,495.0770429
Valencia County,NM,492.8949714
Gregg County,TX,492.58681229999996
Kleberg County,TX,492.1965048
Sheridan County,MT,490.73064339999996
Muscogee County,GA,490.5731077
Nantucket County,MA,490.43177230000003
Decatur County,TN,488.80885
Osceola County,FL,488.4356659
York County,SC,488.3795741
Shawnee County,KS,488.1703955
Pennington County,SD,486.94698420000003
Ingham County,MI,485.41281349999997
Cloud County,KS,484.28755920000003
Bradford County,FL,484.1713222
Douglas County,NE,483.3822237
Colbert County,AL,482.3917828
Passaic County,NJ,481.7351959
Gray County,TX,481.7081109
Portsmouth city,VA,481.2639676
Monroe County,AL,481.20165499999996
Union County,NM,480.54919910000007
Hardin County,TN,480.14135360000006
Clarke County,AL,480.0253898
Pointe Coupee Parish,LA,480.02133430000004
Crenshaw County,AL,479.0504791
Marion County,FL,479.01067699999993
Palm Beach County,FL,478.65754339999995
Pima County,AZ,478.147697
Multnomah County,OR,477.46154400000006
Georgetown County,SC,476.5056254
Chesterfield County,SC,476.22139969999995
Crisp County,GA,475.6599246
Pottawatomie County,OK,473.593974
De Baca County,NM,471.9454641
Calhoun County,SC,471.6041182
Radford city,VA,471.36871510000003
Broward County,FL,470.94805210000004
Raleigh County,WV,470.6150977
San Miguel County,NM,469.50001749999996
Muscatine County,IA,469.2314875
Dimmit County,TX,468.01872069999996
Lincoln County,TN,466.80343710000005
Okaloosa County,FL,464.3699274
Reno County,KS,464.24676739999995
Decatur County,GA,464.1982529
Hamblen County,TN,462.948283
McCurtain County,OK,462.7249357
Ramsey County,MN,462.49008
Tulare County,CA,462.40941730000003
Ouachita Parish,LA,462.1687364
Marengo County,AL,461.4239643
Hampshire County,WV,460.65259119999996
Clinton County,IA,460.5534903
Barrow County,GA,460.44252869999997
Erie County,NY,459.3060294
Coffee County,TN,459.1712428
Richmond County,NC,459.0022627
Bourbon County,KS,457.8507945
Atlantic County,NJ,457.47511439999994
White Pine County,NV,457.39286069999997
Sussex County,DE,457.297156
Kanawha County,WV,455.36531169999995
Meigs County,TN,454.97467589999997
Richmond County,GA,454.9437385
Iron County,MO,454.3696829
Newberry County,SC,453.0796088000001
Morris County,TX,451.9245753000001
Florence County,SC,451.83118139999993
Hunt County,TX,451.4750482
Roosevelt County,NM,451.01478330000003
Claiborne Parish,LA,450.4504505
Canadian County,OK,450.35401950000005
Schenectady County,NY,450.00096569999994
Liberty County,TX,449.8940279
Russell County,AL,449.7776286
Inyo County,CA,449.4503709
Saluda County,SC,447.9617739
Lawrence County,MO,447.81982450000004
Charlottesville city,VA,446.45877019999995
Hamilton County,OH,445.8559141
Los Angeles County,CA,444.80081399999995
Mercer County,NJ,444.6376217
Rutherford County,TN,444.08228330000003
Walker County,AL,443.9528471
Leavenworth County,KS,443.81914689999996
Scott County,IA,443.70103
Benton County,MO,443.6932178
Putnam County,TN,443.38660319999997
Dallas County,TX,442.96507199999996
Anne Arundel County,MD,442.11083179999997
Guilford County,NC,441.75993370000003
Iron County,WI,441.7261298
Hudson County,NJ,441.3265847
Jefferson Parish,LA,440.2358045
Grenada County,MS,439.57060889999997
Catahoula Parish,LA,439.53897249999994
Franklin County,OH,438.02376219999996
Alamance County,NC,436.59070589999993
Madison Parish,LA,435.9855789
Gulf County,FL,435.908775
Monroe County,TN,435.2148459
Randolph County,WV,435.15213330000006
Monterey County,CA,435.1415259
Washington County,AR,434.8227901000001
Laclede County,MO,434.5753778
Solano County,CA,434.5697148
Wilbarger County,TX,434.0872744
Sweetwater County,WY,433.27364769999997
Hemphill County,TX,432.9004329
San Bernardino County,CA,432.4902041
Forest County,PA,432.44659939999997
Tuscaloosa County,AL,432.22571339999996
Berrien County,MI,432.20055139999994
DeSoto County,FL,431.67135030000003
Spartanburg County,SC,431.3174256
Volusia County,FL,431.30990419999995
Bexar County,TX,431.06056849999993
Worcester County,MA,430.9694898
Wichita County,TX,430.1498709
Clay County,AL,430.075634
Black Hawk County,IA,430.0393826
Webb County,TX,429.3415113
Lawrence County,TN,428.6734937
Pierce County,WA,428.3049688
Polk County,GA,427.36080419999996
Kent County,MD,426.1933414
Cowley County,KS,425.36736270000006
Barton County,KS,425.31535130000003
Hockley County,TX,424.98937530000006
Schoolcraft County,MI,424.39675030000006
Webster County,IA,423.82032180000004
Rusk County,TX,423.3337063
Jackson County,FL,423.1225216
Warren County,IL,423.1073
Cumberland County,TN,422.85873389999995
Stone County,MO,421.76566439999993
McLennan County,TX,421.56525769999996
Trousdale County,TN,421.56361780000003
Barnstable County,MA,421.41494950000003
Coffee County,GA,421.101342
Winkler County,TX,420.72048380000007
Wayne County,NC,420.603132
La Salle Parish,LA,419.57095489999995
White County,TN,419.1434233
Stonewall County,TX,418.9944134
Tipton County,TN,418.9263794
Brazos County,TX,418.8734225
Dorchester County,SC,418.1654367
Finney County,KS,417.812281
Newport News city,VA,416.9871443
Jasper County,MO,416.67382599999996
Tarrant County,TX,416.156389
Cherokee County,AL,415.98290269999995
Cole County,MO,415.9115503
Desha County,AR,415.8336665
Hopewell city,VA,415.1062582
Lake County,IN,414.68615710000006
Orangeburg County,SC,414.5499329
Huerfano County,CO,414.17395310000006
Pike County,AL,413.92963199999997
Polk County,MO,413.24982239999997
Oglethorpe County,GA,412.4278251
Zavala County,TX,411.319513
Dale County,AL,410.9534119
Dallam County,TX,410.93949269999996
Mendocino County,CA,410.58812739999996
Vernon County,MO,410.52078860000006
Lassen County,CA,410.4094767
Maricopa County,AZ,410.2097764
Hennepin County,MN,410.08426910000003
Allegheny County,PA,409.4916311
Ellis County,KS,409.4835002
Ware County,GA,408.86051139999995
Childress County,TX,408.7385483
Hidalgo County,NM,408.2509669
Bartow County,GA,407.8085966
Hardin County,IL,406.6012916
Clay County,FL,406.3157144
Elkhart County,IN,405.8575111
Washington County,TN,404.632565
Bell County,TX,402.94575679999997
Cedar County,MO,402.5012578
Charleston County,SC,402.3572772
Camden County,GA,402.1291476
Greene County,TN,401.3652277
Houston County,AL,401.2810125
Curry County,NM,401.2016285
Contra Costa County,CA,400.6561842
Wilson County,NC,400.406529
Wharton County,TX,400.3299689
Mariposa County,CA,399.8873557
Montgomery County,OH,399.5550961
Pitt County,NC,399.3963148
La Paz County,AZ,398.5435938
Monroe County,PA,398.4492785
Fredericksburg city,VA,398.1231338
Massac County,IL,398.06276119999995
Logan County,WV,397.36571539999994
Montgomery County,AL,396.6310625
Lake County,MT,396.31939900000003
Pulaski County,MO,396.2938156
Kent County,MI,395.6892392
Sequatchie County,TN,395.06845580000004
Robertson County,TN,394.75832180000003
Henry County,MO,394.39684480000005
Clarke County,GA,394.1780398
Dunklin County,MO,394.172553
St. Lucie County,FL,393.958833
Uvalde County,TX,393.67154419999997
Franklin city,VA,393.60963189999995
New Haven County,CT,392.9086256
McMullen County,TX,392.67015710000004
Walker County,TX,392.3449148
Bacon County,GA,392.296719
Smith County,TX,391.98445019999997
Warren County,MS,391.9698038
New Hanover County,NC,391.5279907
Harvey County,KS,391.4682939
El Paso County,TX,391.43766360000006
Garland County,AR,388.9969436
Sierra County,NM,388.8696854
Yuba County,CA,388.6010363
Henry County,AL,387.372803
Lincoln County,GA,387.0468327
Clark County,AR,386.93224289999995
Colquitt County,GA,386.8179363
Roosevelt County,MT,386.5168539
Santa Cruz County,CA,386.3870031
Bienville Parish,LA,386.2384665
Macon County,IL,386.17105
Jennings County,IN,385.96366980000005
Chatham County,GA,385.72875439999996
Shannon County,MO,385.68157169999995
Jackson County,AL,385.26184589999997
Caddo County,OK,385.21321889999996
Adams County,IA,385.2080123
Liberty County,GA,385.1251267
Panola County,MS,383.6986222
Bedford County,TN,383.43391210000004
Vermilion Parish,LA,383.1029653
Buchanan County,MO,382.6800995
Terrebonne Parish,LA,382.2650312
Ford County,KS,381.9753583
Angelina County,TX,381.97184389999995
Berkeley County,SC,381.9193898
Irwin County,GA,381.8818288
Niagara County,NY,381.7987482
DeKalb County,AL,381.6202667
Stephens County,GA,381.5753611
Livingston Parish,LA,381.19251339999994
Navarro County,TX,380.9484158
Giles County,TN,379.18319069999995
El Paso County,CO,379.058506
Butler County,OH,378.9674417
Jasper County,TX,378.6922494
Pickens County,SC,378.0387052
Warren County,TN,377.8306018
Elbert County,GA,377.57028419999995
Summit County,OH,377.428833
Santa Barbara County,CA,377.0969275
Terrell County,GA,376.85657280000004
San Benito County,CA,376.7361111
Scott County,KY,376.39898289999996
Charles County,MD,376.15135019999997
Allendale County,SC,376.05447710000004
Grimes County,TX,376.0378272
Kalamazoo County,MI,375.8885967
Crawford County,GA,375.8797185
Washoe County,NV,375.8089692
Assumption Parish,LA,375.21024710000006
Onondaga County,NY,374.9036587
Rock Island County,IL,374.8523
Gaston County,NC,374.8448095
Anderson County,TX,374.5382996
Essex County,MA,374.13940069999995
Atkinson County,GA,373.94451150000003
Henderson County,TX,373.68922779999997
Wyoming County,WV,373.6044137
Hart County,GA,373.3396212
Campbell County,TN,372.7819474
Winston County,AL,372.7325437
Douglas County,KS,372.63168939999997
Mason County,IL,371.9820326
Kent County,TX,371.74721189999997
Sunflower County,MS,371.4683716
Cass County,MN,371.2134477
Columbus County,NC,370.3315515
Fayette County,KY,369.9404723
Seminole County,GA,368.92118500000004
San Diego County,CA,368.6724057
Williams County,ND,368.305457
Brown County,TX,368.2216747
Kay County,OK,368.1546249
Taylor County,TX,367.5894928
Musselshell County,MT,367.249946
Spokane County,WA,366.5013204
Mercer County,WV,366.22354160000003
Rhea County,TN,366.0074432
Marshall County,IA,365.9072059
Chesapeake city,VA,365.18035660000004
Morgan County,TN,365.0467716
Plymouth County,MA,365.0020422
Boone County,MO,364.81176769999996
Lancaster County,NE,364.6022704
Allegany County,MD,364.5217013
Caldwell County,TX,364.4983687
Monroe County,AR,364.4884145
Pratt County,KS,364.44624419999997
Mahoning County,OH,364.3065135
Scurry County,TX,364.1197549
Glacier County,MT,363.9275056
Dixie County,FL,363.8644918
Oregon County,MO,363.7686431
Reynolds County,MO,363.69146839999996
Jackson County,AR,363.3267102
Newton County,GA,363.1181305
Lamar County,TX,362.1575689
Cape Girardeau County,MO,362.131402
Sonoma County,CA,362.0019191
Drew County,AR,361.9909502
Bladen County,NC,361.62213360000004
Walton County,FL,361.1617369
Worcester County,MD,360.32545530000004
Poinsett County,AR,360.3230483
Lincoln County,OR,360.30204960000003
Yakima County,WA,359.45013839999996
Washington County,IA,358.8462412
Atchison County,KS,358.23034210000003
Robertson County,TX,357.8794128
Rockdale County,GA,357.8043926
Navajo County,AZ,357.8017555
Fannin County,GA,357.74410770000003
Henry County,VA,357.29897180000006
Franklin County,IL,357.1246365
Gilpin County,CO,357.079093
Floyd County,GA,356.9154987
Monroe County,NY,356.854134
Amador County,CA,355.9790794
Ouachita County,AR,355.9715223
Boone County,AR,355.653011
Orange County,TX,355.6059163
Santa Fe County,NM,355.4397889
Pasquotank County,NC,355.16870510000007
Chilton County,AL,354.94072939999995
Suwannee County,FL,354.415329
Hillsborough County,FL,353.83074039999997
Obion County,TN,353.3455398
St. Martin Parish,LA,353.25676289999996
Floyd County,TX,353.13001610000003
Williamson County,IL,352.6388142
Juneau City and Borough,AK,352.11267610000004
Beaufort County,NC,351.84560930000004
Caldwell County,MO,351.7643179
Caroline County,MD,351.75725689999996
Limestone County,TX,351.53905510000004
Elko County,NV,351.2522908
Mitchell County,TX,350.98915120000004
Tillman County,OK,350.1491376
Granville County,NC,350.0643501
Lexington County,SC,349.95178119999997
Providence County,RI,348.8705059
Harrison County,TX,348.35391560000005
Polk County,FL,348.309575
Dickson County,TN,348.1478534
Swisher County,TX,347.8036841
Grant County,NM,347.79050739999997
Cross County,AR,347.6179622
Yuma County,AZ,346.4197494
Bristol city,VA,346.0008073
Napa County,CA,345.6237618
Stokes County,NC,345.5825534
Travis County,TX,345.42006180000004
Blount County,TN,345.3265014
Clinton County,MO,345.14607939999996
Union County,NJ,345.0942625
Lynchburg city,VA,344.8099059
DeKalb County,TN,344.395742
Torrance County,NM,343.5770185
San Patricio County,TX,343.22693799999996
Ste. Genevieve County,MO,343.120711
Anderson County,TN,342.85562999999996
Hughes County,SD,342.7004798
Lauderdale County,MS,342.66204799999997
Hansford County,TX,342.0342034
McCormick County,SC,341.8116015
Coffee County,AL,341.591739
Hamilton County,FL,341.3682597
St. Joseph County,IN,341.1958352
Thomas County,GA,340.9926675
Tunica County,MS,340.9090909
Saline County,IL,340.8316292
Surry County,VA,339.98521800000003
Weakley County,TN,339.6226415
Laurens County,GA,339.59040810000005
Cheatham County,TN,339.3092272
Saline County,KS,339.0742734
Pulaski County,IL,338.5240352
Washington County,NC,337.9971703
Lee County,FL,337.9139787
Pulaski County,GA,337.8963784
Cleveland County,OK,337.8629242
Winn Parish,LA,337.5413488
Marshall County,TN,337.29521360000007
King County,WA,337.2057704
Grady County,OK,337.1519046
Los Alamos County,NM,337.1165299
Franklin County,KY,336.3680309
Adams County,CO,336.32215310000004
Bastrop County,TX,336.30069239999995
Lanier County,GA,336.2797848
Wilcox County,AL,336.0749978
Tate County,MS,334.8253621
Coconino County,AZ,334.70290539999996
Labette County,KS,334.67202139999995
Lewis County,TN,334.420199
Sutter County,CA,333.508128
Seward County,KS,333.47584439999997
Sevier County,TN,333.4402052
Berkshire County,MA,333.371918
Clay County,MS,333.20266560000005
Washington County,CO,333.12513010000004
Hamilton County,IA,333.0721003
Houston County,GA,331.8479188
Berks County,PA,331.78484289999994
Russell County,KS,331.7467186
Lucas County,IA,331.5801509
Cabell County,WV,331.5042262
Seminole County,FL,331.39085539999996
Aiken County,SC,331.3517201
Crawford County,KS,330.97408219999994
Ashland County,WI,330.9190809
Appanoose County,IA,330.9171131
Manassas city,VA,330.8955761
Albany County,NY,330.6781345
Matagorda County,TX,330.67337119999996
Indiana County,PA,330.5031626
Montgomery County,IL,330.4781817
Minnehaha County,SD,329.5479849
Webster Parish,LA,329.41639219999996
Marion County,AR,328.6670724
Lamar County,GA,328.5260872
Gordon County,GA,328.20991089999995
Blaine County,ID,328.1916639
San Luis Obispo County,CA,327.73483139999996
Nacogdoches County,TX,327.56773300000003
Talladega County,AL,326.77320710000004
Duplin County,NC,326.2099727
Webster County,WV,326.0991791
Yadkin County,NC,325.9897997
Washington County,AL,325.88730219999997
West Baton Rouge Parish,LA,325.56057460000005
Lincoln Parish,LA,324.7985827
Union County,TN,324.57334310000005
Tama County,IA,324.3058716
Citrus County,FL,323.82908139999995
Lake County,FL,323.6655694
Wood County,WV,323.4414167
Lake County,TN,323.3734316
Wilson County,TN,323.09647789999997
Valley County,ID,322.7149698
Craighead County,AR,322.205581
Pierce County,GA,322.1037068
Stillwater County,MT,321.95750160000006
Salt Lake County,UT,321.9350184
Sabine Parish,LA,321.8485661
Howell County,MO,321.8379422
Shelby County,TX,321.80521089999996
Logan County,KS,321.65832739999996
Putnam County,WV,321.270962
McDowell County,WV,320.94270930000005
Ripley County,MO,320.69555299999996
Dodge County,GA,320.4373027
Swain County,NC,320.10243280000003
McLean County,IL,320.0742068
Waynesboro city,VA,319.804355
Yavapai County,AZ,319.80216889999997
San Augustine County,TX,319.3066484
Beaver County,PA,319.1958381
Pasco County,FL,319.03125539999996
Licking County,OH,318.9309577
Lowndes County,GA,318.8210705
Lee County,TX,318.7394756
Suffolk city,VA,318.4490482
Doniphan County,KS,318.4307732
Ford County,IL,318.1029497
Geneva County,AL,318.03045610000004
Edgar County,IL,317.3719376
Franklin County,MA,317.3221381
Mesa County,CO,317.1720184
Jackson County,OR,316.9579707
Sarasota County,FL,316.8309731
Hidalgo County,TX,316.79076860000004
Lee County,GA,316.4665818
Crawford County,AR,316.35301749999996
Jackson County,MI,316.14588849999996
Franklin County,AR,316.06964619999997
Troup County,GA,315.69953510000005
Pawnee County,KS,315.59317169999997
Marshall County,SD,314.9275667
Danville city,VA,314.6339758
Chariton County,MO,314.63030939999993
Faulkner County,AR,314.4338518
Little River County,AR,314.2183818
Ozark County,MO,313.80753139999996
Harmon County,OK,313.6981527
Cherokee County,SC,313.14306160000007
Rowan County,NC,313.03543160000004
Polk County,IA,312.8341713
Mono County,CA,312.6332244
Chowan County,NC,312.3726742
Lonoke County,AR,312.3542465
Quay County,NM,311.7063034
St. Joseph County,MI,311.65933989999996
Catawba County,NC,311.349396
Adair County,OK,310.8948364
Grant County,AR,310.78306230000004
Henry County,TN,310.4625893
Garfield County,WA,310.28368789999996
Marion County,TN,310.1430887
Craven County,NC,310.0804869
Gunnison County,CO,309.5376282
Vanderburgh County,IN,309.26471069999997
Howard County,AR,309.2555776
Hardy County,WV,308.908046
Kankakee County,IL,308.59793080000003
Indian River County,FL,308.46373789999996
Somerset County,MD,308.3012979
Bates County,MO,308.1570997
Butte County,CA,307.98325
Mahnomen County,MN,307.3029646
Stephens County,OK,307.21966210000005
Wayne County,IL,307.00698289999997
Stewart County,TN,306.8402934
Jefferson County,GA,306.37254900000005
Kearny County,KS,305.8883508
Panola County,TX,305.82320899999996
Pecos County,TX,305.7909155
Hartford County,CT,305.5867265
Woodbury County,IA,305.4929991
Cowlitz County,WA,305.3210289
Lafayette County,FL,305.1537071
Riverside County,CA,304.8627551000001
Sheridan County,NE,304.7038659
Clearfield County,PA,304.2846232
Jackson County,TN,303.8985847
Washington County,MS,303.89631299999996
Adams County,IL,303.88797850000003
Iron County,UT,303.548525
Stark County,OH,303.3838352
St. Louis County,MO,303.36194539999997
Cass County,TX,303.32003560000004
Broome County,NY,303.2389361
Jefferson County,TN,303.1291368
Hertford County,NC,302.8938644
Tyler County,TX,302.83265
Tippecanoe County,IN,302.48537519999996
Bay County,MI,302.343867
Kauai County,HI,302.1061112
Richland Parish,LA,302.05686339999994
Knox County,IL,301.4708706
Jack County,TX,301.4402144
Carroll County,GA,300.8321837
Midland County,TX,300.3934825
Greene County,GA,300.2267018
Carbon County,UT,300.17152660000005
Walton County,GA,299.6944749
Polk County,TN,299.5805872
Madison County,AR,299.34399080000003
Sullivan County,PA,299.1654858
Banks County,GA,298.66956289999996
Maverick County,TX,298.5768433
Clark County,OH,298.16328480000004
Arapahoe County,CO,297.9886998
Scott County,KS,297.9145978
Mitchell County,KS,297.89902789999996
Jackson County,MS,296.90281239999996
Lyon County,NV,296.758927
Buena Vista County,IA,296.5916274
Wakulla County,FL,296.563729
Ochiltree County,TX,296.1317786
Wayne County,IN,296.0540851
Cass County,ND,296.0160659
Mineral County,WV,295.9861392
Boone County,IA,295.85798819999997
Kootenai County,ID,295.2899179
Hernando County,FL,295.22875930000004
Marion County,IL,295.1685568
Macon County,TN,295.1411832
Sumner County,TN,294.869973
Lawrence County,AL,294.7569
Overton County,TN,294.45073610000003
Washtenaw County,MI,294.4331527
Mille Lacs County,MN,294.1973445
Lake County,OR,294.11764710000006
Colorado County,TX,293.9475713
Grant County,WA,293.8679553
Carteret County,NC,293.71365110000005
Dooly County,GA,293.6241611
Scott County,MS,293.5663
Surry County,NC,292.95003419999995
Davison County,SD,292.58941630000004
Lewis and Clark County,MT,292.3260583
Perry County,TN,292.2861863
Glades County,FL,292.2442863
Jasper County,IL,291.90992489999996
Fairfield County,CT,291.83831539999994
Claiborne County,MS,291.7972549
Missoula County,MT,291.5738728
Union Parish,LA,290.90583599999997
Mitchell County,GA,290.73551749999996
Macomb County,MI,290.72182069999997
Terry County,TX,290.3554893
Carbon County,MT,290.1353965
Camp County,TX,290.018529
Perry County,AR,289.99516669999997
Lake County,MI,289.8296153
Deer Lodge County,MT,289.4200879
Custer County,OK,289.34200219999997
Franklin County,TN,289.3335603
Grant County,KS,289.3081761
Humboldt County,CA,289.23438389999995
Jasper County,SC,289.1584363
Polk County,AR,289.1306478
Eureka County,NV,289.017341
Clark County,WI,288.8920988
Orange County,NY,288.8772924
Iredell County,NC,288.7239617
Jerome County,ID,288.7092476
Mills County,IA,288.6680988
Jefferson County,MS,288.3733124
Upshur County,TX,288.3361749
Yellowstone County,MT,288.0087181
Blaine County,MT,287.7044216
Crawford County,MI,287.68699649999996
Miller County,GA,286.5812542
Kit Carson County,CO,286.176434
Greene County,IL,286.15452339999996
Allen County,IN,285.3884423
Richland County,MT,285.3575887
Warren County,MO,284.8571169
Hancock County,TN,284.4737236
Elmore County,AL,284.2945786
Chippewa County,MI,284.2671077
Donley County,TX,283.9295855
Washington County,IL,283.77630120000003
Martinsville city,VA,283.5332606
Northampton County,NC,283.12299049999996
Lamb County,TX,283.12159710000003
Barber County,KS,282.9997979
Levy County,FL,282.51437799999997
Toombs County,GA,282.33051
Van Buren County,MI,282.28745610000004
Humboldt County,NV,282.2092956
Pettis County,MO,281.9571141
Mingo County,WV,281.85328189999996
St. Johns County,FL,281.4254437
Luzerne County,PA,281.15950180000004
Barry County,MO,281.119982
Broadwater County,MT,281.0962755
Greene County,AR,280.762002
Washington County,FL,280.214425
Marion County,AL,280.2136217
Yazoo County,MS,279.7403436
Scott County,IN,279.4927415
Jasper County,GA,279.39122119999996
Harford County,MD,279.2769296
Glenn County,CA,279.1696492
Rensselaer County,NY,278.89293260000005
Warren County,IA,278.8575292
Crook County,OR,278.64520780000004
Imperial County,CA,278.62093960000004
Hall County,NE,278.3267457
Butts County,GA,278.2415136
Brown County,WI,278.09856
Grand County,UT,277.77777779999997
Houston County,TN,277.3757839
Catron County,NM,277.2387025
Mayes County,OK,276.933634
Pocahontas County,WV,276.8485408
Luce County,MI,276.837896
Benewah County,ID,276.42636
Mason County,MI,276.1754938
Hardee County,FL,276.172826
Jackson County,OK,275.9889604
Bethel Census Area,AK,275.93197430000004
Burleigh County,ND,275.8402388
Franklin County,KS,275.8352758
Douglas County,GA,275.7022709
Bradley County,AR,275.58005160000005
Washington County,OK,275.3165171
Montour County,PA,275.06606980000004
Weld County,CO,274.29249219999997
Rockingham County,NC,274.2767583
Yell County,AR,274.0602019
Tom Green County,TX,274.0226525
Coles County,IL,273.7583105
Meriwether County,GA,273.1725697
Decatur County,KS,273.03754269999996
Garfield County,OK,273.0178104
Twin Falls County,ID,272.6465475
Choctaw County,OK,272.515786
Josephine County,OR,272.4893765
Person County,NC,272.43100110000006
Clallam County,WA,272.43057860000005
Malheur County,OR,272.3186456
Goshen County,WY,271.8189833
Yolo County,CA,271.7590533
Taylor County,GA,271.73913039999996
Cherokee County,KS,271.71322339999995
Warren County,PA,271.49321269999996
Highlands County,FL,271.47188989999995
Telfair County,GA,271.2313905
Monongalia County,WV,270.84107400000005
Hill County,TX,269.9365362
Fayette County,WV,269.74275750000004
Flathead County,MT,269.69527660000006
Marshall County,OK,268.95171380000005
Kitsap County,WA,268.93151889999996
St. Francois County,MO,268.8212641
Preston County,WV,268.7616291
Woodward County,OK,268.6018567
McKenzie County,ND,268.4131415
Randolph County,AL,268.4032208
Comal County,TX,268.3997299
Conway County,AR,268.2984232
Otero County,NM,268.2272616
White County,IL,268.0596605
Galveston County,TX,267.9427085
Mason County,WA,267.78187349999996
Caswell County,NC,267.35661919999995
Benton County,AR,267.1757334
Essex County,VA,267.1653754
Howard County,IN,267.037216
Salem County,NJ,267.0104042
Osage County,OK,266.7389085
Ottawa County,OK,266.7080167
Cape May County,NJ,265.9102996
Clear Creek County,CO,265.7513011
Marshall County,MS,265.6442558
Phelps County,MO,265.58350260000003
Dare County,NC,265.5701191
Wayne County,WV,265.4632333
Santa Clara County,CA,265.4076897
Warrick County,IN,265.360612
Monroe County,MI,265.3348939
Wright County,MO,265.2519894
Cobb County,GA,264.2256585
Whitfield County,GA,264.2187576
Carbon County,PA,263.9459142
Haywood County,NC,263.5892064
St. Clair County,MO,263.518499
Chambers County,TX,263.5010323
Worth County,GA,263.0219342
Lauderdale County,AL,262.9395347
Delta County,MI,262.837014
Linn County,KS,262.7154267
Martin County,FL,262.4567806
Warren County,NC,262.454435
Barbour County,WV,262.37328560000003
Hartley County,TX,262.295082
Delaware County,IN,262.16335840000005
Sequoyah County,OK,262.0214469
Lumpkin County,GA,261.9833107
Callaway County,MO,261.502739
Starr County,TX,261.446347
Butte County,SD,261.374637
Madison County,IN,261.3387287
Le Flore County,OK,261.18053599999996
Harrison County,WV,260.97546830000005
Page County,IA,260.9304398
Bennett County,SD,260.7184241
Sandoval County,NM,260.6626396
Wexford County,MI,260.3767805
Shoshone County,ID,260.0472813
Wayne County,TN,259.7555936
Garvin County,OK,259.7497622
Polk County,MN,259.7484874
Lehigh County,PA,259.65102
Monroe County,IN,259.35949480000005
Chase County,KS,259.25925930000005
St. Clair County,MI,259.2401025
Cherry County,NE,259.1568763
Christian County,KY,258.875241
Cameron County,TX,258.8214994
DeKalb County,IL,258.7334473
Washington County,MD,258.71059180000003
Covington County,AL,258.67074909999997
Clinton County,IN,258.2330781
Silver Bow County,MT,257.79914840000004
Oneida County,NY,257.7220284
Union County,FL,257.6638478
Macon County,MO,257.3340196
Flagler County,FL,257.11312979999997
Logan County,IL,256.97503670000003
Smith County,TN,256.8942015
Frederick County,MD,256.8255533
Maui County,HI,256.5511042
Candler County,GA,256.0117034
Kalkaska County,MI,255.8734589
Snyder County,PA,255.86353939999998
Morgan County,AL,254.6186147
Harnett County,NC,254.42646040000002
Sumner County,KS,254.33427999999998
Pope County,AR,254.20883500000002
Grayson County,TX,254.1825701
Blair County,PA,254.1286002
Fremont County,CO,254.0311296
Van Buren County,AR,253.95700449999998
Franklin County,WA,253.9301461
Lincoln County,NM,253.66824169999998
Lowndes County,MS,253.6630954
Johnson County,TX,253.3821999
Newton County,MO,253.2075792
Uintah County,UT,253.12895509999998
Franklin County,MS,252.17500950000002
Fergus County,MT,252.15198680000003
Westchester County,NY,251.85744869999996
Benton County,TN,251.6881522
Hampton city,VA,251.6477809
Autauga County,AL,251.6019259
Marion County,WV,251.4595203
Fentress County,TN,251.270311
Clay County,SD,251.1661285
Heard County,GA,250.9084617
Chemung County,NY,250.8304522
Bedford County,PA,250.7389665
Franklin County,NC,250.56215869999997
Kanabec County,MN,250.06251559999998
Newaygo County,MI,249.9947918
Saline County,AR,249.99125899999999
Scott County,TN,249.82966159999998
Ogemaw County,MI,249.5996986
York County,PA,249.22260319999995
Roane County,TN,248.83593790000003
Park County,MT,248.6927688
Woodson County,KS,248.37007140000003
Chester County,TN,248.25356499999998
Racine County,WI,248.1529525
Carroll County,AR,248.13003450000002
Wake County,NC,248.0783423
Erie County,PA,247.9539341
Osage County,KS,247.8007682
Codington County,SD,247.7291495
Carbon County,WY,247.65049530000002
Fort Bend County,TX,247.560798
Nevada County,CA,247.45417519999998
Ray County,MO,247.40657149999998
Mercer County,IL,247.249351
Washington County,GA,246.6627974
Lee County,AL,246.46697540000002
Marshall County,WV,246.46477090000002
Stone County,AR,246.4033066
Park County,WY,246.34755530000004
Aransas County,TX,246.3458696
Adams County,MS,246.1826114
Bent County,CO,246.13220819999998
Crawford County,IL,246.090746
Pittsburg County,OK,246.06849649999998
Screven County,GA,245.7865169
San Jacinto County,TX,245.7551385
Johnson County,GA,245.72540189999998
Clay County,NC,245.6538171
Marion County,MO,245.6407418
Cleburne County,AR,245.26979680000002
Haskell County,OK,245.1731535
Gila County,AZ,245.03798089999998
Wagoner County,OK,244.3857332
Ashley County,AR,244.3264577
El Dorado County,CA,244.30908399999998
Mackinac County,MI,244.100895
Carson City,NV,244.08284019999996
Collier County,FL,244.0805319
Maries County,MO,243.95653140000002
Moore County,TX,243.8914232
Jackson County,IN,243.868771
St. Louis County,MN,243.8416276
Allen County,KS,243.82810120000002
Hillsborough County,NH,243.5734
Holmes County,FL,243.44474309999998
Florence County,WI,243.3628319
Hampshire County,MA,243.1138625
Franklin Parish,LA,243.06061929999998
Johnson County,IA,242.8946139
Berkeley County,WV,242.85688
Lincoln County,SD,242.6892374
Blue Earth County,MN,242.64436580000003
Linn County,MO,242.56144890000002
Pike County,MS,242.4151547
Pottawatomie County,KS,242.3868494
Pawnee County,OK,242.23339190000002
Charlotte County,FL,242.20571099999998
Saguache County,CO,241.6237113
Haskell County,KS,241.4875634
Douglas County,IL,241.36370490000002
Hawkins County,TN,241.1971831
Beltrami County,MN,240.8583315
Osceola County,MI,240.76701490000002
Elmore County,ID,240.7336645
Esmeralda County,NV,240.3846154
Caldwell Parish,LA,240.26429069999998
Palo Pinto County,TX,240.2380867
Riley County,KS,240.0721543
Edwards County,IL,239.8081535
Freestone County,TX,239.23444980000002
Lyon County,IA,239.0710383
Cleveland County,NC,239.05942480000002
Hickman County,TN,239.0077059
Rock County,WI,238.8965963
Buncombe County,NC,238.79441090000003
Tooele County,UT,238.63598959999996
Carroll County,TN,238.4877074
Yankton County,SD,237.9273881
Beadle County,SD,237.83185840000002
Lawrence County,IN,237.76284790000003
Wells County,ND,237.7555873
Cullman County,AL,237.59141699999998
Converse County,WY,237.5462866
Honolulu County,HI,237.53621260000003
Siskiyou County,CA,237.4483436
Sullivan County,NY,237.3964651
Neosho County,KS,237.3706634
Manistee County,MI,237.2188139
Jackson County,NC,237.0536914
Laramie County,WY,236.9297248
Baker County,FL,236.92296299999998
Union County,NC,236.89108650000003
Cascade County,MT,236.69644590000001
Johnson County,IL,236.64904950000002
Blaine County,OK,236.6255144
Lane County,OR,236.3760906
Tazewell County,IL,236.15348509999998
Aleutians West Census Area,AK,235.8918527
Marion County,OR,235.7747193
Polk County,OR,235.69549700000002
Bannock County,ID,235.43826349999998
San Mateo County,CA,235.35771290000002
Sheridan County,KS,235.01762630000002
Trumbull County,OH,234.93281409999997
Itasca County,MN,234.8345185
Wilkes County,NC,234.7043739
Talbot County,MD,234.6365769
St. Mary's County,MD,234.41846890000002
Payette County,ID,234.40955330000003
Murray County,GA,234.29342709999997
Kane County,UT,234.1597796
Walla Walla County,WA,233.4957164
Van Buren County,TN,232.8497224
Golden Valley County,MT,232.8288708
Windham County,VT,232.5740475
Lane County,KS,232.5581395
Nome Census Area,AK,232.5111201
Colonial Heights city,VA,232.50538730000002
Henry County,IA,232.4201365
Loudon County,TN,231.9219791
Lackawanna County,PA,231.8504565
Jones County,TX,231.6330127
Johnson County,IN,231.55941869999998
Mower County,MN,231.3931904
Graham County,KS,231.39220980000002
Deschutes County,OR,231.3894212
Cooke County,TX,231.36714590000003
Lincoln County,MT,231.24357659999998
Fayette County,PA,231.1128231
Morgan County,IL,230.9863975
Garrett County,MD,230.85416040000004
Adams County,WA,230.7651964
Fayette County,AL,230.64640130000004
McKean County,PA,230.3450522
Dade County,GA,230.2053674
Eastland County,TX,230.2000548
Montezuma County,CO,230.0912565
Chautauqua County,NY,229.18545240000003
Vigo County,IN,229.01256800000002
Sherman County,KS,228.9452167
Payne County,OK,228.9226722
Wapello County,IA,228.8717471
Clark County,IL,228.64911630000003
Jefferson County,KS,228.5653537
Kaufman County,TX,228.4282662
Keweenaw County,MI,228.20629849999997
Wichita County,KS,228.1021898
Baldwin County,AL,228.086325
Butler County,KS,227.95313280000002
Shiawassee County,MI,227.8664731
Livingston County,IL,227.8321898
Dutchess County,NY,227.6738202
Jones County,MS,227.66491209999998
Klamath County,OR,227.58306780000004
Grand Forks County,ND,226.9474841
Calaveras County,CA,226.88981239999998
Madison County,IL,226.7751894
Thomas County,KS,226.47206839999998
Cambria County,PA,226.33613050000002
Jefferson County,CO,226.16972149999998
Asotin County,WA,226.14201719999997
Poweshiek County,IA,225.79431209999998
Larimer County,CO,225.6414801
Waller County,TX,225.59883219999998
Northumberland County,PA,225.3497173
Cass County,IL,225.15761030000002
Cannon County,TN,225.04537209999998
Calhoun County,WV,224.7488102
Bossier Parish,LA,224.5140241
Pender County,NC,224.09368560000001
Boyle County,KY,224.03750040000003
Mercer County,PA,223.96805419999998
Gilmer County,GA,223.9406557
Gladwin County,MI,223.59078959999997
Covington city,VA,223.4444826
Wilcox County,GA,223.21428569999998
Boone County,WV,222.91941880000002
Benton County,WA,222.7811324
Morton County,KS,222.7171492
Vernon Parish,LA,222.4080903
Sanilac County,MI,222.365684
Fond du Lac County,WI,222.0082909
Burnett County,WI,221.74395099999998
Terrell County,TX,221.48394240000002
Gwinnett County,GA,221.22555
Boise County,ID,220.75055189999998
Hawaii County,HI,220.6256125
Winchester city,VA,220.4585538
Dane County,WI,220.2224188
Barton County,MO,219.9592668
Rush County,KS,219.7112367
Russell County,VA,219.36031699999998
Milam County,TX,219.3073199
Clare County,MI,219.17628969999998
Live Oak County,TX,219.09496919999998
Creek County,OK,218.53270899999998
Rich County,UT,218.53146850000002
Walker County,GA,218.4814804
Orange County,CA,217.9900031
Harrisonburg city,VA,217.9200311
New Madrid County,MO,217.8056085
Bibb County,AL,217.66169150000002
Wheeler County,OR,217.23388849999998
Cook County,GA,216.805344
Kingman County,KS,216.7261601
Canyon County,ID,216.72340359999998
Pickens County,AL,216.4836864
Douglas County,WI,216.46501239999998
Richland County,IL,216.28970460000002
Dunn County,ND,216.24219130000003
San Saba County,TX,216.2341983
Polk County,WI,216.21124300000002
St. Bernard Parish,LA,216.18140840000004
Nevada County,AR,215.9336288
Lebanon County,PA,215.5204228
Colusa County,CA,215.3759715
Anderson County,KS,215.2716221
Pulaski County,IN,215.26870150000002
Adair County,MO,215.0789926
Big Horn County,MT,214.6909983
Powell County,MT,214.5002145
Isabella County,MI,214.37901069999998
Simpson County,KY,213.56713309999998
Runnels County,TX,213.405762
Hale County,TX,212.50419419999997
Lyon County,KS,211.8770516
Sedgwick County,CO,211.86440679999998
Dawson County,MT,211.75224989999998
Middlesex County,MA,211.2954517
Ketchikan Gateway Borough,AK,211.23169930000003
Tyler County,WV,211.22846030000002
Okanogan County,WA,211.20093219999998
Thurston County,WA,211.13770449999998
Blount County,AL,210.8100636
Clark County,WA,210.6724168
Grant County,ND,210.3491796
Cumberland County,IL,210.25687909999996
Piscataquis County,ME,210.2312544
Onslow County,NC,210.02051609999998
Dent County,MO,209.7902098
Baker County,GA,209.51810840000002
Jefferson County,WA,209.46934430000002
Custer County,MT,209.18751569999998
Pulaski County,VA,208.65331669999998
Zapata County,TX,208.47810980000003
Pamlico County,NC,208.4459199
Nowata County,OK,208.4320227
Iosco County,MI,208.4234535
New London County,CT,208.2801386
Spotsylvania County,VA,208.0912146
Washington County,TX,207.9245615
Whatcom County,WA,207.8961779
Dinwiddie County,VA,207.8555046
Brantley County,GA,207.741089
Belknap County,NH,207.7136543
Camden County,MO,207.46887969999997
Brooks County,TX,207.2682051
Henderson County,KY,207.13314780000002
Stearns County,MN,207.1114852
Morton County,ND,206.96792
Crowley County,CO,206.68921459999999
Ada County,ID,206.5004418
Lewis County,WA,206.4437075
Oakland County,MI,206.391478
Marion County,OH,206.357636
Weber County,UT,206.2728755
Teller County,CO,206.2298604
Wabash County,IL,205.74367769999998
Lenawee County,MI,205.6700407
Polk County,TX,205.2849967
Johnson County,AR,205.0607444
Brule County,SD,204.9944092
Logan County,CO,204.8997773
Roberts County,SD,204.85806259999998
Pushmataha County,OK,204.7538503
Roane County,WV,204.6943231
Comanche County,KS,204.6035806
Murray County,OK,204.2007001
Schuylkill County,PA,204.192758
Fayette County,TN,204.1871285
Brown County,IL,204.08163269999997
Amelia County,VA,204.00156919999998
St. Clair County,AL,203.9208416
Branch County,MI,203.8992875
Lincoln County,OK,203.7786382
Kiowa County,OK,203.4043464
Ellsworth County,KS,203.18849640000002
Montgomery County,NC,203.1119655
Humphreys County,TN,202.817519
Pine County,MN,202.7212754
Titus County,TX,202.57205119999998
Harrison County,MS,202.5445293
Greene County,NY,202.24950990000002
Clay County,KS,202.2364977
Coffey County,KS,202.0922492
Izard County,AR,201.9748654
Jefferson County,MO,201.9006667
Bedford city,VA,201.7484869
Van Buren County,IA,201.72135559999998
Hays County,TX,201.67475259999998
Carroll County,OH,201.5915119
Strafford County,NH,201.4559405
Ravalli County,MT,200.8671582
Greene County,PA,200.856282
Allegan County,MI,200.8335481
Snohomish County,WA,200.8277105
Catoosa County,GA,200.57876930000003
Owyhee County,ID,200.488145
McCracken County,KY,200.3885396
Richland County,OH,200.37282480000002
McDonough County,IL,200.2217841
Crawford County,MO,199.6495946
Lunenburg County,VA,199.5689311
Kenosha County,WI,199.0975041
Swift County,MN,199.0362455
Cochran County,TX,198.93899199999998
Taylor County,KY,198.791026
White County,AR,198.7691602
Moore County,NC,198.71815869999998
Kenton County,KY,198.59634069999998
Warren County,KY,198.5300329
Ventura County,CA,198.18489319999998
Walsh County,ND,198.1268012
Stoddard County,MO,198.11954330000003
Miami County,KS,197.9594944
Wilson County,KS,197.693575
Beaver County,OK,197.6284585
Linn County,IA,197.120924
Archuleta County,CO,196.8181073
Pinal County,AZ,196.481315
Mahaska County,IA,196.27960919999998
Grays Harbor County,WA,195.5598075
Washington County,PA,195.4794771
Ness County,KS,195.2489424
Mineral County,NV,195.0585176
Bremer County,IA,194.9317739
Gilchrist County,FL,194.90874730000002
Tuolumne County,CA,194.89920930000002
Otsego County,MI,194.78635669999997
Muskingum County,OH,194.7648156
Herkimer County,NY,194.76168959999998
Sussex County,VA,194.7502117
Logan County,AR,194.7287383
Cherokee County,NC,194.72407969999998
Northampton County,PA,194.46881330000002
Skagit County,WA,194.383904
Berrien County,GA,194.2461151
Austin County,TX,194.1276389
Clark County,KY,193.7440332
Cherokee County,OK,193.68140449999999
Guadalupe County,TX,193.4587207
Cleburne County,AL,193.4106976
Fannin County,TX,193.11328319999998
Braxton County,WV,193.076817
Cumberland County,VA,193.06981000000002
Edgefield County,SC,192.91874719999998
Macon County,GA,192.7332429
Wright County,IA,192.7227875
Coosa County,AL,192.6959075
Pickens County,GA,192.6717144
Cooper County,MO,192.66730890000002
Ross County,OH,192.5298421
Juneau County,WI,192.11210309999998
Queen Anne's County,MD,191.68538859999998
Dodge County,MN,191.6556096
Refugio County,TX,191.6495551
Hamilton County,KS,191.64430819999998
Roscommon County,MI,191.5549263
Davidson County,NC,191.5310244
Dukes County,MA,191.2378303
Marion County,MS,190.9854851
Caribou County,ID,190.95182140000003
Rabun County,GA,190.9454881
Hillsdale County,MI,190.88523030000002
Calhoun County,AR,190.8032818
Redwood County,MN,190.5487805
Franklin County,VT,190.4998551
Howard County,MD,190.4261606
Columbia County,AR,190.3658335
Pierce County,WI,190.35532990000002
Cattaraugus County,NY,190.1333469
Accomack County,VA,190.0567153
Brown County,SD,189.93853380000002
Rains County,TX,189.7876186
Marin County,CA,189.65417140000002
Winnebago County,WI,189.3347332
Koochiching County,MN,189.30789040000002
Butte County,ID,189.2505678
Floyd County,IN,188.8673207
Falls County,TX,188.6468873
Lincoln County,NE,188.62167490000002
Sampson County,NC,188.6204209
Crane County,TX,188.5606537
Dawson County,TX,188.26937
Warren County,NY,188.2547408
Hettinger County,ND,187.9699248
Cass County,MO,187.79622619999998
Sawyer County,WI,187.73087869999998
Natrona County,WY,187.7168933
Okmulgee County,OK,187.6362899
Franklin County,MO,187.59330559999998
Wheatland County,MT,187.4414246
Moody County,SD,187.38288569999997
Lawrence County,OH,187.3475782
Haskell County,TX,187.2340426
Monroe County,IA,187.21917119999998
White County,GA,187.0705472
Churchill County,NV,187.00910109999998
Bonneville County,ID,186.9471804
Gallatin County,MT,186.8665541
Campbell County,KY,186.83782480000002
Marshall County,AL,186.7876741
Van Zandt County,TX,186.7342467
Erie County,OH,186.7241742
Blanco County,TX,186.5149678
Floyd County,IA,186.4280388
Coos County,OR,186.2496387
Menard County,TX,186.21973930000001
Gooding County,ID,185.67639259999999
McIntosh County,OK,185.4291709
Montcalm County,MI,185.40527690000002
Lafourche Parish,LA,185.2976601
Carroll County,NH,185.2670583
Placer County,CA,185.130231
Norfolk County,MA,185.0823347
Box Elder County,UT,185.0612277
Coryell County,TX,185.0587988
St. Tammany Parish,LA,184.8695803
Montgomery County,MD,184.719434
Sandusky County,OH,184.6983261
Taos County,NM,184.65264109999998
Mecklenburg County,VA,184.560555
Valdez-Cordova Census Area,AK,184.36955849999998
Henry County,GA,184.248418
Cameron County,PA,184.1997544
Lee County,NC,184.1834534
Cherokee County,IA,184.1774801
Lincoln County,CO,184.16206259999998
Perquimans County,NC,183.810014
Stafford County,KS,183.5283322
Adams County,NE,183.4862385
Lampasas County,TX,182.9690436
Bee County,TX,182.93240649999998
Routt County,CO,182.8775571
Scott County,AR,182.64840180000002
Carroll County,MD,182.61679119999997
Beauregard Parish,LA,182.48679740000003
Whiteside County,IL,182.4278541
Ward County,ND,182.3797617
Sevier County,UT,182.2367159
Fairbanks North Star Borough,AK,182.20558369999998
Alpena County,MI,182.18693069999998
La Plata County,CO,182.04339009999998
Nassau County,NY,182.0069726
Union County,IL,181.99397150000001
Lake County,OH,181.8521951
Otero County,CO,181.7890178
Jefferson County,NY,181.58388
Lycoming County,PA,181.5783613
Mountrail County,ND,181.31399319999997
Walworth County,SD,181.02824040000002
Marshall County,IL,181.0252613
Mohave County,AZ,180.7614638
Menominee County,MI,180.74061619999998
Upson County,GA,180.6820748
Hamilton County,TX,180.5054152
Phillips County,KS,180.5054152
Clay County,TN,180.0874711
Morgan County,GA,179.96738090000002
Stanly County,NC,179.7641626
Rogers County,OK,179.68644719999998
Teton County,WY,179.62996230000002
Johnston County,NC,179.2467143
Burke County,NC,179.2034906
Macoupin County,IL,179.18088740000002
Cayuga County,NY,178.66804230000002
Kimble County,TX,178.5315778
Sevier County,AR,178.50973169999997
McIntosh County,GA,178.4821875
Alamosa County,CO,178.4285978
Gage County,NE,178.37541159999998
Webster County,MO,178.2482312
Douglas County,MO,177.5804661
Barbour County,AL,177.2787709
Henrico County,VA,177.0183704
Unicoi County,TN,176.9715739
Montrose County,CO,176.8476899
Shelby County,AL,176.8047801
Monmouth County,NJ,176.59988059999998
Staunton city,VA,176.5913758
Rutland County,VT,176.5035796
Cass County,IA,176.4965436
Delaware County,OK,176.42651709999998
La Salle County,TX,176.41471030000002
Neshoba County,MS,176.22936930000003
Henderson County,NC,176.1913456
Comanche County,TX,176.1726492
Taliaferro County,GA,176.1597181
Montgomery County,KY,176.14032509999998
Fulton County,IL,176.0854014
Davie County,NC,175.67502530000002
Fayette County,IA,175.5926251
Coleman County,TX,175.5823481
Dallas County,MO,175.38554580000002
Audrain County,MO,175.3633919
Washington County,MO,174.7973939
Noble County,OK,174.7335314
Grand Traverse County,MI,174.4696456
Kosciusko County,IN,174.4417224
Eaton County,MI,174.43792230000003
Hopkins County,TX,174.3286939
Palo Alto County,IA,174.1970604
Guernsey County,OH,174.0841659
Wheeler County,TX,173.882803
Millard County,UT,173.748223
Oneida County,WI,173.7229959
Columbia County,WA,173.61111110000002
Christian County,MO,173.05529119999997
Bulloch County,GA,172.71884740000002
Iowa County,WI,172.638848
Towner County,ND,172.63703059999997
Hall County,GA,172.57450269999998
Wise County,VA,172.4605189
Fayette County,IL,172.25747959999998
Jersey County,IL,172.2538757
Kandiyohi County,MN,172.1292148
Deaf Smith County,TX,172.08113889999998
Montgomery County,PA,171.7185146
White County,IN,171.66680290000002
Ottawa County,MI,171.6165324
Caldwell County,KY,171.56671609999998
Eagle County,CO,171.5592833
Washita County,OK,171.2622024
Burnet County,TX,171.1430071
Newport County,RI,171.1227351
Huntingdon County,PA,170.7007485
Charlotte County,VA,170.6623324
Harper County,KS,170.6484642
Monroe County,WV,170.58518130000002
Costilla County,CO,170.5514497
La Crosse County,WI,170.5037142
Montgomery County,TX,170.4942731
Stutsman County,ND,170.4545455
Beaver County,UT,170.30500080000002
Emmet County,IA,170.0680272
Brown County,KS,170.05101530000002
Sheboygan County,WI,169.6803049
Prairie County,MT,169.6352841
Halifax County,VA,169.4867377
Martin County,TX,169.4277108
Carter County,TN,169.1722767
Perry County,IL,169.05012109999998
Daviess County,KY,169.01179009999998
Boulder County,CO,169.0060894
Lincoln County,MO,168.956554
Olmsted County,MN,168.8713763
Columbia County,NY,168.6936684
Lavaca County,TX,168.5307186
Washington County,UT,168.47090659999998
Randolph County,MO,168.40417
Bartholomew County,IN,168.36920600000002
Kennebec County,ME,168.3668416
Kenai Peninsula Borough,AK,167.9878209
Tazewell County,VA,167.7890393
Pocahontas County,IA,167.73832819999998
Stanley County,SD,167.72895
Will County,IL,167.6847351
Phillips County,MT,167.5041876
Virginia Beach city,VA,167.4548864
Duchesne County,UT,167.4217057
Forrest County,MS,167.40419680000002
Grainger County,TN,167.3861334
Oscoda County,MI,167.08437759999998
Orange County,IN,166.8942497
Medina County,TX,166.67018290000001
Stark County,ND,166.59577480000002
Middlesex County,NJ,166.36124880000003
Baylor County,TX,166.0210293
Lancaster County,PA,165.9743202
Tuscola County,MI,165.85887250000002
Karnes County,TX,165.7715006
Boyd County,KY,165.6916091
Plaquemines Parish,LA,165.6050955
Randolph County,NC,165.5245937
Coweta County,GA,165.1899685
Atchison County,MO,165.1679207
Northampton County,VA,164.9484536
Nottoway County,VA,164.8386483
Lyon County,MN,164.7898929
Perry County,PA,164.6108599
Alexandria city,VA,164.5488005
LaPorte County,IN,164.44855819999998
Carroll County,MO,164.34754030000002
McClain County,OK,164.3340363
Lake County,CO,164.2485628
Acadia Parish,LA,163.97659309999997
Marquette County,MI,163.9586411
Seneca County,NY,163.8001638
Madison County,KY,163.57051059999998
Franklin County,GA,163.5694489
Langlade County,WI,163.4738186
Jessamine County,KY,163.4345166
Fremont County,WY,163.422606
Miller County,MO,163.39869280000002
Chattooga County,GA,163.0996897
Texas County,OK,163.03609440000002
Kane County,IL,162.89724109999997
Bryan County,GA,162.8615375
Appling County,GA,162.68980480000002
Oswego County,NY,162.5882062
Montgomery County,IN,162.4014459
McDowell County,NC,162.3629368
Chester County,PA,162.32619119999998
Johnson County,WY,162.26240149999998
Searcy County,AR,162.03415180000002
Dubuque County,IA,161.9695497
Shelby County,MO,161.8908855
Gem County,ID,161.8122977
Okfuskee County,OK,161.5900461
Denton County,TX,161.49857509999998
Atascosa County,TX,161.3827957
Outagamie County,WI,161.3573983
Oktibbeha County,MS,161.0831311
Buchanan County,VA,161.03742
Jasper County,IA,161.0218062
Baraga County,MI,161.0120759
Beckham County,OK,160.76490249999998
Daviess County,IN,160.4591601
Nassau County,FL,159.8203672
Crow Wing County,MN,159.7899
Caldwell County,NC,159.7755824
Eau Claire County,WI,159.7034642
Delaware County,IA,159.6897456
Roanoke County,VA,159.3173945
Fairfield County,OH,159.20250959999998
Ritchie County,WV,158.8404646
Summit County,UT,158.49919450000002
Gloucester County,NJ,158.4758755
Lapeer County,MI,158.39075
Dade County,MO,158.3531275
Jackson County,IA,158.2682391
Piatt County,IL,158.2182194
Ontonagon County,MI,158.1777918
Steuben County,NY,158.13482009999998
Buckingham County,VA,157.5630252
Alger County,MI,157.52993069999997
Valley County,MT,157.2739187
Washington County,OR,157.11824950000002
Chippewa County,MN,157.1156868
Borden County,TX,156.9858713
Ferry County,WA,156.94480769999998
Lincoln County,WI,156.88188540000002
Chelan County,WA,156.826693
Madison County,GA,156.8236091
Foard County,TX,156.61707130000002
Bleckley County,GA,156.60480780000003
Mifflin County,PA,156.5985928
Long County,GA,156.400385
Iron County,MI,156.30427230000004
Fayette County,OH,156.25
Trinity County,CA,156.1570494
Liberty County,FL,155.70727030000003
Barry County,MI,155.6762611
Greenwood County,KS,155.66625159999998
Bolivar County,MS,155.65802230000003
Chatham County,NC,155.6490115
Westmoreland County,PA,155.6132514
Fisher County,TX,155.60165980000002
Bennington County,VT,155.4870564
West Feliciana Parish,LA,155.4001554
Pitkin County,CO,155.3599171
Nez Perce County,ID,155.3300764
Rutherford County,NC,155.3258857
Rockland County,NY,155.1870815
Arenac County,MI,154.9686834
Talbot County,GA,154.8946716
Meagher County,MT,154.8786784
Summers County,WV,154.8330015
Genesee County,NY,154.74148080000003
Ulster County,NY,154.69784199999998
Johnston County,OK,154.6860783
Prowers County,CO,154.5846554
Rawlins County,KS,154.4998069
Hall County,TX,154.3686323
Haines Borough,AK,154.3209877
Grady County,GA,154.2843579
Antrim County,MI,154.04364569999998
Dixon County,NE,153.8198599
Monona County,IA,153.49194169999998
Hardin County,TX,153.38253600000002
Twiggs County,GA,153.28381090000002
Clarion County,PA,153.2371345
Houston County,TX,152.76504740000001
Delta County,TX,152.7300496
Rio Grande County,CO,152.50360080000002
Oceana County,MI,152.40998290000002
Moniteau County,MO,152.40030480000001
Bertie County,NC,152.37907980000003
Santa Rosa County,FL,152.08322990000002
Limestone County,AL,151.9500253
Orange County,NC,151.76128590000002
Currituck County,NC,151.6642072
Spink County,SD,151.2859304
Sullivan County,NH,151.2190583
Lake County,IL,151.0627736
Union County,IA,150.9973774
DeSoto County,MS,150.9747979
Burlington County,NJ,150.83023169999998
Lincoln County,ID,150.5174036
Montgomery County,MO,150.43877980000002
Paulding County,GA,150.3912896
McLeod County,MN,150.34244669999998
Kerr County,TX,150.14113269999999
Jay County,IN,150.02344119999998
Marshall County,KS,149.970006
Latah County,ID,149.692736
Jackson County,KS,149.6333982
Johnson County,KS,149.2239824
Orleans County,NY,149.1653842
Simpson County,MS,149.0909091
Jackson County,GA,149.0727999
Grant County,IN,149.00326940000002
Southampton County,VA,148.940865
Judith Basin County,MT,148.80952380000002
McPherson County,KS,148.80449119999997
Pennington County,MN,148.74628130000002
Culpeper County,VA,148.43524509999997
Concho County,TX,148.40465
Shelby County,OH,148.3981135
Union County,OR,148.13659750000002
Bingham County,ID,147.93552659999997
Dickinson County,KS,147.8912744
Brazoria County,TX,147.7704229
Todd County,MN,147.64990569999998
Gasconade County,MO,147.6410979
Collin County,TX,147.640674
Marion County,IA,147.3595573
Pend Oreille County,WA,147.33250619999998
Young County,TX,147.21116619999998
Iowa County,IA,146.96876909999997
Grant County,WI,146.8601304
Prince William County,VA,146.8375211
Perry County,MO,146.8120805
Jefferson County,PA,146.77756530000002
Chittenden County,VT,146.69466819999997
Washburn County,WI,146.627566
Brunswick County,NC,146.5728831
Jackson County,CO,146.5201465
Columbia County,WI,146.505922
Fulton County,AR,146.2938882
Wise County,TX,146.04768700000002
Bradford County,PA,146.02991210000002
Columbia County,OR,145.9143969
Transylvania County,NC,145.8833541
Greer County,OK,145.8434614
Gibson County,IN,145.7812686
Cassia County,ID,145.7288586
Charlevoix County,MI,145.4322783
Smyth County,VA,145.3304688
Madison County,TX,145.1273492
Logan County,KY,145.11087959999998
Colfax County,NM,145.10462809999999
Grundy County,MO,144.85755669999998
Sabine County,TX,144.7736705
Mason County,KY,144.69267280000003
Dallas County,IA,144.69259519999997
Monroe County,GA,144.5300919
San Juan County,CO,144.5086705
Caledonia County,VT,144.4298232
Hot Springs County,WY,144.4192284
Jefferson Davis Parish,LA,143.7653749
Erath County,TX,143.7288819
York County,ME,143.4079957
Umatilla County,OR,143.37851930000002
Choctaw County,MS,143.35204869999998
Williamson County,TX,143.0955343
Greensville County,VA,143.025408
Ellis County,TX,142.9707134
Potter County,PA,142.8816369
Morgan County,WV,142.87347130000003
Story County,IA,142.84786699999998
Jo Daviess County,IL,142.8125139
Benton County,MN,142.8061407
Lemhi County,ID,142.63485480000003
Stafford County,VA,142.5563646
Power County,ID,142.5055059
Pontotoc County,MS,142.4086481
Island County,WA,142.130176
Goodhue County,MN,142.0454545
Sumter County,FL,141.9817666
Saline County,MO,141.9232754
Wabaunsee County,KS,141.82385480000002
Louisa County,IA,141.8188264
Rock County,NE,141.74344440000002
Hopkins County,KY,141.5276408
Wasco County,OR,141.3039212
Androscoggin County,ME,141.25868930000001
Morrow County,OR,141.1432604
Johnson County,MO,141.097999
Suffolk County,NY,141.09131059999999
Fulton County,KY,140.9553641
Habersham County,GA,140.8775982
Chautauqua County,KS,140.7657658
Charles Mix County,SD,140.6774159
Stephens County,TX,140.586136
Gratiot County,MI,140.58330159999997
Bailey County,TX,140.56789430000003
Kiowa County,CO,140.54813769999998
Harrison County,KY,140.4039313
Franklin County,PA,140.05325969999998
Clearwater County,ID,139.9090591
Orleans County,VT,139.8652876
Bell County,KY,139.8601399
Boone County,KY,139.8241751
Burleson County,TX,139.7868251
Aitkin County,MN,139.75352560000002
Scioto County,OH,139.4700139
St. John the Baptist Parish,LA,139.39352390000002
Sauk County,WI,139.3242773
Towns County,GA,139.2628354
Latimer County,OK,139.21113689999999
Lee County,VA,138.9716101
Graves County,KY,138.8480948
Woodford County,KY,138.47675569999998
Wayne County,NY,138.41878169999998
Archer County,TX,138.2329225
St. Charles County,MO,138.1544599
Bureau County,IL,138.0079868
Anoka County,MN,137.83597519999998
Val Verde County,TX,137.7948707
Hardin County,IA,137.6067886
Ontario County,NY,137.4847621
Isle of Wight County,VA,137.4242764
Allegany County,NY,137.1884679
Cheshire County,NH,137.0578253
Lorain County,OH,137.0419414
Delaware County,NY,136.9804375
Benton County,IN,136.8769248
Clark County,KS,136.79890559999998
Cass County,MI,136.7751878
Greene County,NC,136.5862849
Idaho County,ID,136.5103003
Manitowoc County,WI,136.3850522
Coal County,OK,136.3558889
Red River County,TX,136.3271852
Hale County,AL,136.3105284
Calhoun County,FL,136.2212233
Bollinger County,MO,136.1088871
Reeves County,TX,136.0544218
Charlton County,GA,135.79781210000002
Baca County,CO,135.7957632
Arlington County,VA,135.6122113
Darke County,OH,135.558271
Avery County,NC,135.4937052
Rice County,MN,135.2826331
Clay County,MN,135.1774616
Douglas County,OR,134.65494669999998
Pike County,IN,134.0376882
Goliad County,TX,133.9584729
Walthall County,MS,133.949501
Dunn County,WI,133.72013959999998
Roger Mills County,OK,133.5826877
Washington County,ME,133.5818577
Lamar County,AL,133.4644563
Love County,OK,133.4428249
Ohio County,KY,133.4000334
Montague County,TX,133.3128237
Sitka City and Borough,AK,133.037694
Otsego County,NY,132.9377624
Trigg County,KY,132.93220459999998
Cumberland County,ME,132.7700241
Knox County,TX,132.73161670000002
Ionia County,MI,132.66118329999998
Carlton County,MN,132.5437112
Lawrence County,SD,132.4769169
Alcona County,MI,132.3501607
Itawamba County,MS,132.28642140000002
Vermillion County,IN,132.2584708
Rio Blanco County,CO,132.2168356
McCulloch County,TX,132.0528211
Trinity County,TX,132.0086153
Sanders County,MT,132.00739240000001
Somerset County,PA,131.9916362
Rusk County,WI,131.9902744
Lincoln County,NC,131.6779533
Williamsburg city,VA,131.52702879999998
Chippewa County,WI,131.4705696
Holt County,MO,131.3485114
Osborne County,KS,130.9586171
Cortland County,NY,130.6762496
Griggs County,ND,130.66202090000002
Clinton County,MI,130.3118362
Clark County,MO,130.2460203
Manassas Park city,VA,130.0390117
Watauga County,NC,129.8403727
Ramsey County,ND,129.8251688
Washington County,VT,129.8066387
Lee County,AR,129.80529209999997
Moffat County,CO,129.74128059999998
Williamson County,TN,129.7127717
Merrimack County,NH,129.38460600000002
Highland County,OH,129.333241
Lawrence County,AR,129.3280818
Nelson County,ND,129.2407108
Tucker County,WV,129.16188290000002
Summit County,CO,129.1493595
Calumet County,WI,128.98804850000002
Shelby County,KY,128.9126108
Pondera County,MT,128.8037353
Campbell County,WY,128.6947858
Hood County,TX,128.53227479999998
Dawson County,NE,128.0621308
Venango County,PA,127.99821920000001
Nemaha County,KS,127.9401634
Franklin County,ME,127.88981799999999
Huntington County,IN,127.7486342
Susquehanna County,PA,127.7018399
Lewis County,WV,127.6440554
Wallace County,KS,127.46972590000001
Calloway County,KY,127.46634089999999
Frio County,TX,127.31801829999999
Columbia County,PA,127.2512239
Prince Edward County,VA,127.18182620000002
Calvert County,MD,127.0942929
San Juan County,UT,126.8950778
Howard County,MO,126.7427123
Emmet County,MI,126.7350634
Clinton County,IL,126.6256892
Wheeler County,GA,126.43823490000001
Yamhill County,OR,126.0858774
Ida County,IA,126.0327685
Chesterfield County,VA,126.0126013
Page County,VA,125.9392973
Somerset County,ME,125.71074920000001
Decatur County,IN,125.5851125
Bayfield County,WI,125.3628926
Big Horn County,WY,125.0625313
Randolph County,GA,125.05210500000001
Las Animas County,CO,124.6019659
Iberia Parish,LA,124.52962990000002
Huron County,MI,124.1310824
Irion County,TX,124.06947890000001
Sullivan County,MO,124.06947890000001
Park County,CO,124.0617828
Dewey County,OK,123.86457469999999
York County,VA,123.73809779999999
Pike County,PA,123.6945804
Kent County,RI,123.61014329999999
Jackson County,TX,123.36371740000001
Kendall County,IL,123.16921940000002
Wood County,TX,122.9140075
Caroline County,VA,122.8752816
Fulton County,PA,122.6993865
Clinton County,PA,122.6410372
Christian County,IL,122.4561199
Henry County,IL,122.3425592
Yoakum County,TX,122.18963829999998
Garfield County,CO,122.15978500000001
Marshall County,KY,122.1589996
Washington County,NY,122.0420649
Wilkin County,MN,122.00701540000001
Morris County,KS,121.9299774
Jefferson County,WI,121.8805098
Marathon County,WI,121.84675370000001
Tyrrell County,NC,121.6841081
Montgomery County,VA,121.6127725
Grafton County,NH,121.61242460000001
Midland County,MI,121.5457763
Essex County,NY,121.2527733
Livingston County,MO,121.0409522
Louisa County,VA,120.7836206
Wyoming County,NY,120.3919963
Nodaway County,MO,120.3731568
Lincoln County,ME,120.2769303
Wayne County,PA,120.27624740000002
Whitley County,KY,120.2259129
Washington County,VA,120.20325279999999
Ballard County,KY,120.0192031
Evans County,GA,120.0036924
Ellis County,OK,119.9040767
Patrick County,VA,119.77351920000001
Alfalfa County,OK,119.71951429999999
Baxter County,AR,119.63766880000001
Sublette County,WY,119.51000900000001
Dakota County,NE,119.3488328
Worth County,IA,119.3475666
Hood River County,OR,119.0738699
Grant County,WV,119.05774299999999
Clay County,WV,118.99610559999999
Pulaski County,KY,118.9228097
Clarke County,VA,118.48341229999998
Callahan County,TX,118.2994455
Minidoka County,ID,118.2732111
Niobrara County,WY,118.0637544
Rockingham County,NH,118.00731440000001
Seminole County,OK,117.98945959999999
Hand County,SD,117.959304
Schley County,GA,117.90135590000001
Linn County,OR,117.87984679999998
Camden County,NC,117.79719250000001
Augusta County,VA,117.70754409999999
Campbell County,VA,117.67900790000002
Albany County,WY,117.57789540000002
Walworth County,WI,117.53849140000001
Oconee County,GA,117.5260761
Dakota County,MN,117.5004712
Wetzel County,WV,117.2549988
Major County,OK,117.14174150000001
Shenandoah County,VA,117.1399119
Bullitt County,KY,117.1051604
Winston County,MS,117.09601869999999
Pacific County,WA,117.0845936
Meeker County,MN,116.78705829999998
Custer County,CO,116.68611440000001
Wilkinson County,GA,116.6242578
Greene County,OH,116.4187152
Starke County,IN,116.39436129999999
Freeborn County,MN,116.3241567
Miami County,IN,116.21472050000001
Jefferson County,WV,116.20939479999998
Barren County,KY,116.20610309999999
Hancock County,OH,116.13635459999999
Fremont County,ID,116.03620330000001
Nobles County,MN,115.64972009999998
Sherman County,OR,115.54015020000001
Hardin County,KY,115.5364125
Chickasaw County,MS,115.53347579999999
Skamania County,WA,115.3095618
Waseca County,MN,115.1953084
Craig County,VA,115.16314779999999
Chenango County,NY,115.1445367
Montgomery County,IA,115.11895630000001
Klickitat County,WA,115.0196492
Bourbon County,KY,115.01150120000001
Cerro Gordo County,IA,114.74469309999999
Marshall County,IN,114.6277781
Parker County,TX,114.4805548
Harrison County,MO,114.4033863
Mason County,WV,114.2815011
Montgomery County,NY,114.23532479999999
Lincoln County,AR,114.0332122
Franklin County,IA,113.76564280000001
Schuyler County,NY,113.75948000000001
Oxford County,ME,113.4835973
Santa Cruz County,AZ,113.3253507
Harris County,GA,113.278021
Butler County,PA,113.2221959
Tioga County,PA,113.0395874
Stevens County,MN,112.99435030000001
Missaukee County,MI,112.9493057
Jefferson County,MT,112.9256428
New Kent County,VA,112.7800277
Faribault County,MN,112.74751599999999
Kittitas County,WA,112.53441880000001
Douglas County,NV,112.48355190000001
Windsor County,VT,112.36556259999999
Adams County,WI,112.3046875
Adams County,PA,112.2643925
Nelson County,KY,112.2586439
Macon County,NC,112.2367605
Pickaway County,OH,111.8925831
Nemaha County,NE,111.77867820000002
Daniels County,MT,111.6694584
Bandera County,TX,111.64506580000001
Hanover County,VA,111.51682620000001
Cheyenne County,KS,111.3585746
Carter County,MO,111.27006840000001
Cabarrus County,NC,111.09568119999999
Alexander County,NC,111.0208503
Gaines County,TX,110.9877913
Waushara County,WI,110.9786674
Benton County,OR,110.8660253
St. Lawrence County,NY,110.75087309999999
Martin County,KY,110.6981893
Buffalo County,NE,110.6633537
Parmer County,TX,110.3863522
Dawes County,NE,110.03521129999999
Rice County,KS,109.87913300000001
Frederick County,VA,109.445517
Madison County,NC,109.40919040000001
Scott County,MN,109.3039524
Sac County,IA,109.224506
Tripp County,SD,109.1305929
Sweet Grass County,MT,109.02153179999999
Waupaca County,WI,109.0178828
Cheboygan County,MI,108.83930649999999
Cedar County,IA,108.7370195
Sherburne County,MN,108.69806340000001
Wadena County,MN,108.6641553
Kendall County,TX,108.563258
Phelps County,NE,108.54227720000002
Gove County,KS,108.3423619
Franklin County,VA,108.28082009999999
Washington County,IN,107.9913607
Westmoreland County,VA,107.8809902
Watonwan County,MN,107.74894499999999
Logan County,OH,107.7372969
Brewster County,TX,107.68899420000001
Turner County,SD,107.64262649999999
Poquoson city,VA,107.4025116
Whitman County,WA,107.36525659999998
Clarke County,IA,107.23860590000001
Barnes County,ND,107.23860590000001
Gogebic County,MI,106.8107565
Clinton County,NY,106.6294077
Jackson County,WI,106.5684945
Coos County,NH,106.2599619
Gallatin County,KY,106.2072221
Cheyenne County,CO,105.8201058
Grayson County,VA,105.5339358
Vinton County,OH,105.45344979999999
Clay County,MO,105.43534380000001
Brooke County,WV,105.32080719999999
Hoke County,NC,105.21803519999999
Alleghany County,VA,105.1915104
Portage County,WI,105.1435067
Porter County,IN,105.0691355
Delta County,CO,104.9765443
Effingham County,IL,104.93485290000001
Lynn County,TX,104.8401188
McHenry County,IL,104.7464453
Madison County,MO,104.57726650000001
Wayne County,MO,104.4464339
Ocean County,NJ,104.21416009999999
Bristol Bay Borough,AK,104.16666670000001
Clackamas County,OR,104.0531804
Saline County,NE,104.05105440000001
Albemarle County,VA,103.88349509999999
Gilmer County,WV,103.7822878
Republic County,KS,103.73443979999999
Lincoln County,MS,103.4185579
LaSalle County,IL,103.40247629999999
Lafayette County,MO,103.20857240000001
Ashe County,NC,103.12695670000001
Lincoln County,MN,102.915952
Chouteau County,MT,102.5816379
Monroe County,MO,102.5757921
Hodgeman County,KS,102.5641026
Bucks County,PA,102.396264
Tipton County,IN,102.23642170000001
Wythe County,VA,102.2355507
Rockwall County,TX,102.0587718
Monroe County,WI,101.5497373
Nelson County,VA,101.42673609999999
Boundary County,ID,101.3544642
Stevens County,WA,101.31245679999999
Sioux County,IA,101.3112571
Wilson County,TX,101.2814303
Greene County,VA,101.0423314
Bonner County,ID,100.7395759
Platte County,MO,100.73947059999999
Otter Tail County,MN,100.72767059999998
Fayette County,TX,100.7211635
Barron County,WI,100.7093441
Trego County,KS,100.67114090000001
Carroll County,KY,100.4291062
Randolph County,IL,100.33444820000001
Grant County,MN,100.18367009999999
Chase County,NE,100.0
Wyoming County,PA,99.98928686
Red Willow County,NE,99.94548428
Gray County,KS,99.85022466
Castro County,TX,99.626401
Norton city,VA,99.57679861
James City County,VA,99.26825118
Logan County,OK,99.05002026
Douglas County,WA,98.80671886
Franklin County,NY,98.6689367
Stephenson County,IL,98.41677364
Pickett County,TN,98.23182711
King and Queen County,VA,98.17671809
Hendricks County,IN,98.12904945
Martin County,MN,97.93360102
Centre County,PA,97.81020958
Lee County,IL,97.53858512
Texas County,MO,97.51911375
Pembina County,ND,97.47945969
Scott County,VA,97.17314488
Fulton County,NY,97.09449309
Armstrong County,PA,96.90633856
Choctaw County,AL,96.82705199
Rosebud County,MT,96.47336263
Perry County,KY,96.39414495
Grayson County,KY,96.16494211
Henry County,OH,96.11277232
Mellette County,SD,96.10764056
Adair County,KY,96.09224856
Pendleton County,KY,96.08785175
Todd County,KY,95.97696553
Camas County,ID,95.96928983
Apache County,AZ,95.92126116
Doddridge County,WV,95.87727709
Worth County,MO,95.69377990000001
Warren County,VA,95.60970568
Prairie County,AR,95.53379508
Craig County,OK,95.41984733
Coahoma County,MS,95.30617107
Oldham County,TX,95.14747859
Gloucester County,VA,95.0209046
Montgomery County,MS,94.75978395
Gallia County,OH,94.70624735
Cass County,NE,94.64842055
DuPage County,IL,94.62240083
Ashtabula County,OH,94.17799641
Schuyler County,IL,94.0354648
Allen Parish,LA,93.98128206
Sheridan County,WY,93.88412017
Nicollet County,MN,93.84838944
Sharp County,AR,93.84714646
Franklin County,TX,93.80863039
Mercer County,KY,93.68120287
Clay County,KY,93.61542782
Atoka County,OK,93.53863865
Preble County,OH,93.45346497
Jackson County,SD,93.28358209
Bergen County,NJ,93.26422631
Steele County,MN,93.24009324
Attala County,MS,93.18217114
Mercer County,ND,93.10986965
Douglas County,MN,93.03598303
Crawford County,PA,92.70280168
Madison County,MS,92.61841214
Greenbrier County,WV,92.58220177
King George County,VA,92.27312846
Hubbard County,MN,91.97405364
Presque Isle County,MI,91.86954525
Kearney County,NE,91.63103238
Cherokee County,GA,91.51244303
Edmonson County,KY,91.19548997
Yancey County,NC,91.08505067
Clay County,AR,90.89728607
Madison County,MT,90.76763485
Davis County,UT,90.65676479999999
Penobscot County,ME,90.63404709999999
Dodge County,NE,90.37381898
Northumberland County,VA,90.16393443
Effingham County,GA,89.98090201
Mathews County,VA,89.91794987
Jefferson County,OR,89.85575786
Marion County,KY,89.7979546
Rockbridge County,VA,89.65795490000001
Washington County,WI,89.64961315
Leon County,TX,89.59503046
Real County,TX,89.55223881
Orange County,VA,89.36550492
Jefferson County,IA,89.23259964
Cheyenne County,NE,89.18838569
Laurel County,KY,88.98141464
Norton County,KS,88.93632159
Shawano County,WI,88.85046707
Falls Church city,VA,88.83624519
Jeff Davis County,TX,88.77052818
Giles County,VA,88.62629247
Jackson County,OH,88.46048257
Livingston County,MI,88.37418606
Defiance County,OH,88.23834735
Morgan County,CO,88.01577243
Botetourt County,VA,87.87346221
Hamilton County,NE,87.79631255
Fall River County,SD,87.73212458
Fairfax city,VA,87.59854837
Lincoln County,WA,87.37015824
Dickens County,TX,87.29812309
Morgan County,OH,87.22490607
Traverse County,MN,87.08272859
Carroll County,VA,87.00599003
King William County,VA,86.97272784
Hughes County,OK,86.81183535
Wood County,OH,86.64438668
Union County,KY,86.49943443
Champaign County,OH,86.17412242
Keith County,NE,86.10086101
Butler County,KY,85.98452279
Prince George County,VA,85.89912222
Richland County,ND,85.68455842
Bledsoe County,TN,85.66311035
Livingston County,KY,85.47921787
Forsyth County,GA,85.46352447
Meigs County,OH,85.12087164
Houston County,MN,85.11091015
Madison County,NE,85.0388344
Athens County,OH,85.03269894
Livingston County,NY,85.00115911
Warren County,OH,84.86601664
Kossuth County,IA,84.8508583
Allamakee County,IA,84.69193309
Stark County,IL,84.64533604
Ripley County,IN,84.45054365
Loudoun County,VA,84.36308729
Aroostook County,ME,84.21954179
Charles City County,VA,84.15147265
Bear Lake County,ID,84.13259297
McLean County,ND,84.06010297
Jones County,GA,84.00714061
Dickenson County,VA,83.94679065
Potter County,SD,83.54218881
Crook County,WY,83.51893096
Medina County,OH,83.46911357
Union County,GA,83.46471297
Crosby County,TX,83.45852112
Madison County,VA,83.33333333
Bristol County,RI,83.29947176
Carson County,TX,83.19467554
Madison County,OH,83.18506366
Rankin County,MS,83.12495316
Douglas County,CO,83.01657390000001
Tompkins County,NY,82.99796365
Portage County,OH,82.99666793
Nance County,NE,82.80430582
Ottawa County,KS,82.75405495
Teton County,MT,82.44023083
Rush County,IN,82.33356857
Sterling County,TX,82.03445447
Winona County,MN,81.98001249
San Juan County,WA,81.88976378
Fauquier County,VA,81.83671344
Pepin County,WI,81.52173913
Madison County,NY,81.51197812
Cleveland County,AR,81.46165484
Sanpete County,UT,81.45341219
Becker County,MN,81.24943577
Kimball County,NE,81.03727715
Middlesex County,CT,80.93644677
Harlan County,KY,80.70458613
Curry County,OR,80.57657012
Pike County,AR,80.52250157
Pike County,MO,80.34709947
Andrew County,MO,80.25222127
Rappahannock County,VA,80.23535705
Blackford County,IN,80.12178511
Madison County,ID,80.10680908
Warren County,NJ,80.09014798
Fulton County,OH,80.02259462
Chisago County,MN,79.98363126
Glasscock County,TX,79.93605116
Lamoille County,VT,79.78617306
Fairfax County,VA,79.75779097
Price County,WI,79.69859441
Yates County,NY,79.50389569
Crawford County,OH,79.42440665
Elk County,PA,79.41802471
Harding County,SD,79.23930269
Clearwater County,MN,79.20343969
Gillespie County,TX,78.8736838
Hancock County,GA,78.83770695
Clayton County,IA,78.77116975
Martin County,IN,78.74015748
Lawrence County,IL,78.51189757
Ralls County,MO,78.49293564
Fayette County,GA,78.43861025
Clermont County,OH,78.41452816
Bosque County,TX,78.40940913
Polk County,NC,78.38910391
San Miguel County,CO,78.14535035
Newton County,IN,78.08617875
Franklin County,ID,77.79679477
Stone County,MS,77.70870337
Greeley County,KS,77.51937985
Cottonwood County,MN,77.47933884
Roseau County,MN,77.31958763
Van Wert County,OH,77.304192
Meade County,SD,77.20020587
Thayer County,NE,77.08614377
Rooks County,KS,77.07129094
Dodge County,WI,76.97183736
Forest County,WI,76.70392286
Hancock County,ME,76.57945118
Hancock County,WV,75.93014427
Rockingham County,VA,75.89302942
Knox County,ME,75.85335019
Winnebago County,IA,75.80064431
Knox County,KY,75.49543882
Cumberland County,PA,75.45229922
Delaware County,OH,75.14366496
Beaverhead County,MT,74.93844342
Sutton County,TX,74.8876685
Montmorency County,MI,74.86631016
Guthrie County,IA,74.85730327
Buena Vista city,VA,74.85029940000001
Monroe County,MS,74.75910954
Clay County,IN,74.61851285
Benzie County,MI,74.59260959
Emery County,UT,74.42552796
Bottineau County,ND,74.22802850000001
Wahkiakum County,WA,74.22068283
Custer County,NE,74.12898443
Harrison County,IN,74.04948548
Goochland County,VA,73.98501803
Fulton County,IN,73.35322021
Scotts Bluff County,NE,73.27399045
Pope County,MN,73.17965606
Morrison County,MN,73.01046483
Tallahatchie County,MS,72.93946025
Green County,WI,72.79590186
Wayne County,KY,72.54086469
Daviess County,MO,72.34145165
McCreary County,KY,72.26638501
Wayne County,OH,72.12938099
Lancaster County,VA,71.76175099
Door County,WI,71.69486665
Green County,KY,71.55635063
Utah County,UT,71.39090871
Morrow County,OH,71.36128793
Union County,PA,71.32190697
O'Brien County,IA,71.20478496
Nicholas County,KY,71.03281716
Platte County,NE,70.75834487
Murray County,MN,70.31524669
Morris County,NJ,70.28476342
Lewis County,NY,69.98416148
Weston County,WY,69.85191394
Clatsop County,OR,69.80990227
Hocking County,OH,69.77149834
Hitchcock County,NE,69.63788301
Deuel County,SD,69.44444444
Knox County,OH,69.06758757
Yellow Medicine County,MN,69.01311249
Iroquois County,IL,69.00835001
Yuma County,CO,68.95872328
Lee County,KY,68.87052342
Schuyler County,MO,68.83891693
St. Croix County,WI,68.66053765
Juniata County,PA,68.6369509
DeKalb County,IN,68.54657622
Washington County,OH,68.5043223
Perkins County,NE,68.46970216
LaGrange County,IN,68.42825561
Saratoga County,NY,68.34476135
Davis County,IA,68.25162098
Johnson County,KY,68.23318692
Audubon County,IA,68.10829218
Nuckolls County,NE,67.98096533
Washington County,MN,67.72018183
Trempealeau County,WI,67.60868095
Adams County,OH,67.60362925
Ascension Parish,LA,67.31181104
Moultrie County,IL,67.22237161
Hamlin County,SD,67.10283509
Pendleton County,WV,66.92544505
Adair County,IA,66.91648822
Jefferson County,ID,66.87969087
Litchfield County,CT,66.87209775
Somerset County,NJ,66.85118805
Tishomingo County,MS,66.5676686
Woods County,OK,66.36434023
Houghton County,MI,66.25258799
Ashland County,OH,65.9842015
Marquette County,WI,65.89351608
Osage County,MO,65.75102279
Grundy County,IL,65.70040615
Clay County,GA,65.68144499
Tioga County,NY,65.68079135
Hot Spring County,AR,65.67164179
Hancock County,IN,65.66538596
Fluvanna County,VA,65.44250683
Holmes County,MS,65.11829824
Meade County,KY,65.04621705
Middlesex County,VA,65.04367218
Grundy County,IA,64.96670456
Chickasaw County,IA,64.92979466
Miami County,OH,64.77247460000001
Carroll County,IN,64.72169670000001
Matanuska-Susitna Borough,AK,64.08101521
Harrison County,OH,64.01229036
Rowan County,KY,63.75653504
Moore County,TN,63.48198699
Pike County,OH,63.45401347
Lee County,MS,63.27630654
Hickman County,KY,63.22444679
Wright County,MN,63.04973924
Carver County,MN,62.78646324
Tattnall County,GA,62.68118781
Throckmorton County,TX,62.5
Casey County,KY,62.23937263
Windham County,CT,62.07271862
Amite County,MS,62.02031165
Newton County,AR,62.00396825
Antelope County,NE,61.95786865
Waukesha County,WI,61.95362111
Pike County,GA,61.81164307
Dubois County,IN,61.37721017
Washington County,RI,60.98575151
Scotland County,MO,60.96321886
De Witt County,IL,60.90133983
Burt County,NE,60.84575601
McDuffie County,GA,60.28286575
Hudspeth County,TX,60.27727547
Webster County,MS,60.07810153
Lincoln County,WY,59.89980396
Breckinridge County,KY,59.88023952
Addison County,VT,59.79723302
Schoharie County,NY,59.66587112
Treutlen County,GA,59.59475566
Ringgold County,IA,59.14826498
Garrard County,KY,59.11912504
Lewis County,MO,59.10165485
Washakie County,WY,59.08070424
Custer County,SD,59.04581956
Cumberland County,KY,58.918839299999995
Brunswick County,VA,58.91710364
Noble County,IN,58.86062645
Orange County,VT,58.79301401
Hanson County,SD,58.73715125
Woodford County,IL,58.56440812
McCone County,MT,58.51375073
Jackson County,MN,58.47953216
Teton County,ID,58.39416058
Johnson County,NE,58.32037325
Parke County,IN,58.13277526
Green Lake County,WI,58.01993776
Juab County,UT,57.98221879
Floyd County,VA,57.95981453
Somervell County,TX,57.75005775
Sussex County,NJ,57.53739931
Sagadahoc County,ME,57.12164053
Hancock County,MS,57.06008866
Hardin County,OH,56.88821466
Columbia County,GA,56.861818400000004
Lawrence County,KY,56.76084763
Spencer County,KY,56.69898509
Russell County,KY,56.33168094
Powell County,KY,56.02689291
Harney County,OR,55.97537084
Bedford County,VA,55.85392052
Sarpy County,NE,55.51257596
Harrison County,IA,55.43621371
Copiah County,MS,55.32312161
Tillamook County,OR,55.29881108
Lafayette County,AR,55.15719801
Anderson County,KY,55.01811013
Jackson County,WV,54.83583522
DeKalb County,MO,54.51713396
Grant Parish,LA,54.47117567
Coshocton County,OH,54.40696409
Ransom County,ND,54.38723713
Tippah County,MS,54.33798225
Dearborn County,IN,54.10387945
Hancock County,IA,54.08328826
Chaffee County,CO,54.02485143
Crittenden County,KY,54.02485143
Ozaukee County,WI,53.989477799999996
Waldo County,ME,53.92912173
Oliver County,ND,53.36179296
Powhatan County,VA,53.08043455
Edwards County,TX,53.07855626
McCook County,SD,53.05978069
Taylor County,WV,53.02539327
Marinette County,WI,52.87190579
Fillmore County,MN,52.79577634
Lamar County,MS,52.72019183
Knox County,IN,52.69536808
Pearl River County,MS,52.65833818
Grant County,KY,52.5188866
Clinton County,OH,52.44963643
Cache County,UT,52.17733451
Plymouth County,IA,52.0895941
Cass County,IN,51.99802408
Paulding County,OH,51.93725979
Greene County,IN,51.85930875
Sullivan County,IN,51.83056118
George County,MS,51.815708799999996
Deuel County,NE,51.62622612
Mercer County,OH,51.4907807
Gilliam County,OR,51.36106831
Armstrong County,TX,51.30836326
Leake County,MS,51.30616957
Lewis County,ID,51.25576627
Stewart County,GA,51.12474438
Steele County,ND,51.02040816
Lake of the Woods County,MN,50.903537799999995
Gosper County,NE,50.70993915
Benton County,IA,50.5856259
Washington County,KY,50.52631579
Broomfield County,CO,50.44475459
York County,NE,50.42137866
Larue County,KY,49.77246871
Isanti County,MN,49.73301225
Pittsylvania County,VA,49.65879601
Vernon County,WI,49.45761482
Dolores County,CO,49.28536225
Lincoln County,KY,49.24086992
Richardson County,NE,49.23076923
Knox County,MO,49.17629702
Tuscarawas County,OH,48.55835635
Dawson County,GA,48.48805431
Keokuk County,IA,48.40739665
Muhlenberg County,KY,48.10930434
Oldham County,KY,48.10467577
LaMoure County,ND,48.00768123
Williams County,OH,48.0
Carter County,KY,47.79060363
Warren County,IN,47.53416518
Bracken County,KY,47.52851711
Belmont County,OH,47.43355709
Crawford County,IN,47.07654646
Carroll County,IL,46.94835681
Seward County,NE,46.81373983
Jefferson County,OK,46.64179104
Amherst County,VA,46.61570017
Greenup County,KY,46.55111038
Lake County,MN,46.39510068
Elbert County,CO,46.34896558
Magoffin County,KY,46.33204633
Menominee County,WI,46.32846884
Marion County,GA,46.2962963
Llano County,TX,46.28677227
Perry County,IN,46.01697515
Cedar County,NE,45.91895305
Morgan County,IN,45.85709782
Kingfisher County,OK,45.82351401
Platte County,WY,45.63605248
Jefferson County,OH,45.61238303
Stanton County,KS,45.57885141
Trimble County,KY,45.37205082
Putnam County,IN,45.32728969
Shelby County,IL,45.21000045
Highland County,VA,45.14672686
Pierce County,ND,44.93372276
Jasper County,IN,44.92497529
Monroe County,IL,44.78547756
Shelby County,IN,44.71372041
Kittson County,MN,44.41483455
Grant County,OK,44.16961131
Putnam County,OH,44.00375499
Culberson County,TX,43.91743522
Ogle County,IL,43.9056982
Kewaunee County,WI,43.89173372
Steuben County,IN,43.65795448
Benson County,ND,43.62367311
Lewis County,KY,43.45936549
Burke County,ND,43.36513443
Bath County,VA,43.32755633
Le Sueur County,MN,43.14994606
Hart County,KY,43.07327841
Spencer County,IN,42.97173415
Grand Isle County,VT,42.93688278
Miner County,SD,42.86326618
Henry County,IN,42.81869342
Woodruff County,AR,42.42081448
McLean County,KY,42.12299916
Whitley County,IN,42.04961855
Hutchinson County,SD,41.98740378
Wabasha County,MN,41.97173903
Faulk County,SD,41.91114837
Evangeline Parish,LA,41.69396629
Wasatch County,UT,41.60835193
Eddy County,ND,41.59733777
Lake County,SD,41.47656574
Floyd County,KY,41.31377815
Dickinson County,IA,41.28575641
Putnam County,NY,41.14606854
Marion County,KS,40.91987888
Morrill County,NE,40.74979625
Tensas Parish,LA,40.74979625
Wood County,WI,40.56301464
Union County,SD,40.46125835
Washington County,ID,40.22526146
Crawford County,IA,40.15142824
Wyandot County,OH,40.09444469
Carlisle County,KY,39.9920016
Kiowa County,KS,39.63535474
Pleasants County,WV,39.59350666
Renville County,MN,39.56217856
Allen County,KY,39.387524
Seneca County,OH,39.34613871
Elliott County,KY,39.28244075
Posey County,IN,39.23722828
Auglaize County,OH,39.19860627
Kemper County,MS,38.85758694
Madison County,IA,38.83997929
Carroll County,IA,38.83872221
Cook County,MN,38.46153846
Renville County,ND,38.34355828
Dickinson County,MI,38.31711242
Clay County,TX,38.19344982
Buchanan County,IA,38.13882532
Jim Hogg County,TX,38.13155386
Lincoln County,NV,38.13155386
Letcher County,KY,38.10491553
Otoe County,NE,38.09040122
Pike County,KY,37.86683496
Monroe County,KY,37.449677
Mitchell County,IA,37.3517602
Clay County,IL,36.856848
Columbiana County,OH,36.82962991
Webster County,GA,36.77822729
Hunterdon County,NJ,36.43564356
Wayne County,UT,36.40334911
Clay County,IA,36.38348189999999
Conejos County,CO,36.24501631
Geauga County,OH,36.18099008
Butler County,NE,36.09239654
Rockcastle County,KY,35.94320973
Dewey County,SD,35.8037952
Lafayette County,WI,35.7867112
Tolland County,CT,35.67252621
Washington County,KS,35.53028957
Lyon County,KY,35.49875754
Ziebach County,SD,35.2858151
Grand County,CO,34.99195185
Franklin County,IN,34.85686898
Boone County,IN,34.72394464
Washington County,NE,34.61405331
Hancock County,KY,34.53436169
Putnam County,IL,34.47681434
Fleming County,KY,34.46374414
Stevens County,KS,34.38789546
Taylor County,WI,33.9640951
Jones County,IA,33.96244724
Edwards County,KS,33.95585739
McHenry County,ND,33.7723742
Hamilton County,IN,33.70487339
Humphreys County,MS,33.62474781
Saunders County,NE,33.44641407
Montgomery County,GA,33.25573661
Uinta County,WY,33.22889965
Appomattox County,VA,32.77613897
Vilas County,WI,32.75926619
Upshur County,WV,32.43462396
Franklin County,NE,32.41491086
Wayne County,NE,31.87759005
Marshall County,MN,31.83023873
Salem city,VA,31.62180323
Ottawa County,OH,31.58943455
Howard County,IA,31.49275667
Schleicher County,TX,31.19151591
Humboldt County,IA,30.96614368
Huron County,OH,30.56598006
Perry County,OH,30.55810206
Brookings County,SD,30.33244358
Calhoun County,IA,30.22365505
Webster County,KY,29.73535534
Upton County,TX,29.65599051
Cameron Parish,LA,29.65599051
Shackelford County,TX,29.62962963
Jones County,NC,29.36857562
Wallowa County,OR,29.35133549
Holt County,NE,28.71088142
Bond County,IL,28.62049227
Winneshiek County,IA,28.57959417
Switzerland County,IN,28.50085503
Lac qui Parle County,MN,28.46164793
Randolph County,AR,28.26136107
Richland County,WI,28.22148219
Pierce County,NE,27.97202797
Reagan County,TX,27.77006387
Estill County,KY,27.60905577
Wolfe County,KY,27.59381898
Monroe County,OH,27.42543709
Webster County,NE,27.11496746
Mercer County,MO,27.06359946
Smith County,KS,26.98327037
Adams County,ID,26.12330199
Henry County,KY,25.89834898
Lafayette County,MS,25.332242100000002
Wells County,IN,25.16718199
Pike County,IL,24.76780186
Union County,OH,24.38749859
Traill County,ND,24.25712553
Mason County,TX,24.2248062
Corson County,SD,23.72479241
Fountain County,IN,23.69668246
Brown County,MN,23.68545713
Custer County,ID,23.5349494
Randolph County,IN,23.41280681
Mineral County,MT,23.39181287
Oneida County,ID,23.39181287
Adams County,IN,23.11203559
Leelanau County,MI,22.99167701
Phillips County,CO,22.95684114
Morgan County,KY,22.42152466
Jackson County,KY,22.34304014
Cuming County,NE,22.23210316
Ouray County,CO,21.94426158
Greene County,IA,21.88423241
Union County,MS,21.61850544
Pipestone County,MN,21.57497303
Owsley County,KY,21.486893
Oconto County,WI,21.43737607
Greene County,MS,21.06149958
Hamilton County,NY,20.95118374
Mills County,TX,20.37905034
East Feliciana Parish,LA,20.275750199999997
Metcalfe County,KY,20.0340579
Clinton County,KY,19.71220185
Morgan County,UT,19.65988401
Dickey County,ND,19.05487805
Owen County,IN,18.86703457
Knott County,KY,18.77816725
Owen County,KY,18.75820672
Holmes County,OH,18.35157021
Alleghany County,NC,18.28320687
Leslie County,KY,18.15046737
Brown County,OH,18.07337791
Perry County,MS,16.486687
Stanton County,NE,16.30523398
Cotton County,OK,16.25487646
Taylor County,IA,16.23113131
Menifee County,KY,15.90330789
Menard County,IL,15.86420243
Wayne County,IA,15.62011871
Buffalo County,WI,14.97342218
Bland County,VA,14.84780995
Breathitt County,KY,14.76559616
Lexington city,VA,13.94700139
Presidio County,TX,13.88696014
Grant County,OR,13.73060552
Rolette County,ND,13.71553971
Brown County,IN,13.31292019
Mitchell County,NC,13.048016699999998
Wabash County,IN,12.36170344
Decatur County,IA,12.29105211
Crawford County,WI,12.19735317
Knox County,NE,11.67542323
Richmond County,VA,11.16944041
Hickory County,MO,10.74691026
Hancock County,IL,10.74229241
Jefferson County,IN,9.242713661
Shelby County,IA,8.360504975
Bath County,KY,8.360504975
Boone County,IL,7.413310599
Newton County,TX,7.072135785
Baker County,OR,6.242976651
Jasper County,MS,6.071645416
Fayette County,IN,4.190939189
Haakon County,SD,0.0
Day County,SD,0.0
Yukon-Koyukuk Census Area,AK,0.0
Bowman County,ND,0.0
Grant County,NE,0.0
Sibley County,MN,0.0
Boyd County,NE,0.0
Graham County,NC,0.0
Sioux County,ND,0.0
Robertson County,KY,0.0
Liberty County,MT,0.0
Quitman County,MS,0.0
Wade Hampton Census Area,AK,0.0
Hyde County,NC,0.0
Douglas County,SD,0.0
Thomas County,NE,0.0
Valley County,NE,0.0
Petroleum County,MT,0.0
Kingsbury County,SD,0.0
Hyde County,SD,0.0
Perry County,AL,0.0
Shannon County,SD,0.0
Jones County,SD,0.0
Grant County,SD,0.0
Yakutat City and Borough,AK,0.0
Lyman County,SD,0.0
Sioux County,NE,0.0
Smith County,MS,0.0
Collingsworth County,TX,0.0
Aleutians East Borough,AK,0.0
Lake and Peninsula Borough,AK,0.0
Gregory County,SD,0.0
Clarke County,MS,0.0
Norman County,MN,0.0
Noble County,OH,0.0
Buffalo County,SD,0.0
Calhoun County,MS,0.0
Harlan County,NE,0.0
Greeley County,NE,0.0
Benton County,MS,0.0
Treasure County,MT,0.0
Gates County,NC,0.0
Garfield County,NE,0.0
Mora County,NM,0.0
Loup County,NE,0.0
Kalawao County,HI,0.0
Garfield County,UT,0.0
Fremont County,IA,0.0
Jackson Parish,LA,0.0
Alcorn County,MS,0.0
Harding County,NM,0.0
Frontier County,NE,0.0
Dundy County,NE,0.0
Arthur County,NE,0.0
Blaine County,NE,0.0
Colfax County,NE,0.0
Jewell County,KS,0.0
Carroll County,MS,0.0
Hayes County,NE,0.0
Keya Paha County,NE,0.0
Boone County,NE,0.0
Gallatin County,IL,0.0
Powder River County,MT,0.0
King County,TX,0.0
Wayne County,MS,0.0
Sharkey County,MS,0.0
Wilkinson County,MS,0.0
Glascock County,GA,0.0
Logan County,NE,0.0
Clay County,NE,0.0
Issaquena County,MS,0.0
Howard County,NE,0.0
Yalobusha County,MS,0.0
Hooker County,NE,0.0
Jenkins County,GA,0.0
McPherson County,NE,0.0
Calhoun County,IL,0.0
Pope County,IL,0.0
Southeast Fairbanks Census Area,AK,0.0
Lincoln County,KS,0.0
Sanborn County,SD,0.0
Montgomery County,AR,0.0
Emmons County,ND,0.0
Harper County,OK,0.0
Cavalier County,ND,0.0
Daggett County,UT,0.0
Motley County,TX,0.0
Piute County,UT,0.0
Fallon County,MT,0.0
Sherman County,NE,0.0
Pawnee County,NE,0.0
Chattahoochee County,GA,0.0
Coke County,TX,0.0
Kidder County,ND,0.0
Logan County,ND,0.0
Sargent County,ND,0.0
Billings County,ND,0.0
Aurora County,SD,0.0
Divide County,ND,0.0
Scott County,IL,0.0
Elk County,KS,0.0
Putnam County,MO,0.0
Granite County,MT,0.0
Hardeman County,TX,0.0
Toole County,MT,0.0
Noxubee County,MS,0.0
Merrick County,NE,0.0
Prentiss County,MS,0.0
Garza County,TX,0.0
Big Stone County,MN,0.0
Covington County,MS,0.0
Sheridan County,ND,0.0
Jefferson County,NE,0.0
Essex County,VT,0.0
Echols County,GA,0.0
Gentry County,MO,0.0
Hamilton County,IL,0.0
Polk County,NE,0.0
Brown County,NE,0.0
Butler County,IA,0.0
Clark County,SD,0.0
Crockett County,TX,0.0
Lipscomb County,TX,0.0
McPherson County,SD,0.0
Red Lake County,MN,0.0
Wheeler County,NE,0.0
Slope County,ND,0.0
Bon Homme County,SD,0.0
Loving County,TX,0.0
Carter County,MT,0.0
Banner County,NE,0.0
Fillmore County,NE,0.0
Garfield County,MT,0.0
Sully County,SD,0.0
Mineral County,CO,0.0
Edmunds County,SD,0.0
Garden County,NE,0.0
Thurston County,NE,0.0
Union County,IN,0.0
Todd County,SD,0.0
Kinney County,TX,0.0
Furnas County,NE,0.0
Wibaux County,MT,0.0
McIntosh County,ND,0.0
Adams County,ND,0.0
Osceola County,IA,0.0
Sherman County,TX,0.0
Perkins County,SD,0.0
Hinsdale County,CO,0.0
Campbell County,SD,0.0
Golden Valley County,ND,0.0
Clark County,ID,0.0
Briscoe County,TX,0.0
Foster County,ND,0.0
Box Butte County,NE,0.0
Cottle County,TX,0.0
Ohio County,IN,0.0
Newton County,MS,0.0
Jerauld County,SD,0.0
Cimarron County,OK,0.0
Lawrence County,MS,0.0
